CREATE DATABASE  IF NOT EXISTS `overwatch-api` /*!40100 DEFAULT CHARACTER SET utf8 */;
USE `overwatch-api`;
-- MySQL dump 10.17  Distrib 10.3.14-MariaDB, for Win64 (AMD64)
--
-- Host: localhost    Database: overwatch-api
-- ------------------------------------------------------
-- Server version	10.3.14-MariaDB

/*!40101 SET @OLD_CHARACTER_SET_CLIENT=@@CHARACTER_SET_CLIENT */;
/*!40101 SET @OLD_CHARACTER_SET_RESULTS=@@CHARACTER_SET_RESULTS */;
/*!40101 SET @OLD_COLLATION_CONNECTION=@@COLLATION_CONNECTION */;
/*!40101 SET NAMES utf8 */;
/*!40103 SET @OLD_TIME_ZONE=@@TIME_ZONE */;
/*!40103 SET TIME_ZONE='+00:00' */;
/*!40014 SET @OLD_UNIQUE_CHECKS=@@UNIQUE_CHECKS, UNIQUE_CHECKS=0 */;
/*!40014 SET @OLD_FOREIGN_KEY_CHECKS=@@FOREIGN_KEY_CHECKS, FOREIGN_KEY_CHECKS=0 */;
/*!40101 SET @OLD_SQL_MODE=@@SQL_MODE, SQL_MODE='NO_AUTO_VALUE_ON_ZERO' */;
/*!40111 SET @OLD_SQL_NOTES=@@SQL_NOTES, SQL_NOTES=0 */;

--
-- Table structure for table `game`
--

DROP TABLE IF EXISTS `game`;
/*!40101 SET @saved_cs_client     = @@character_set_client */;
/*!40101 SET character_set_client = utf8 */;
CREATE TABLE `game` (
  `id` bigint(20) NOT NULL AUTO_INCREMENT,
  `game_date_time` datetime(6) DEFAULT NULL,
  `game_map_id` bigint(20) DEFAULT NULL,
  `season_id` bigint(20) DEFAULT NULL,
  `squad_statistics_id` bigint(20) DEFAULT NULL,
  PRIMARY KEY (`id`),
  UNIQUE KEY `UK_covnrmc0slqgsuu2nbxsg6i65` (`game_date_time`),
  KEY `FKtm3yob1cme2nhphpeyylmpvex` (`game_map_id`),
  KEY `FK3xfbgv78vv6qrx7or7wnamon` (`season_id`),
  KEY `FKe0s3f8iib0k9xyw8hoa9l7w40` (`squad_statistics_id`),
  CONSTRAINT `FK3xfbgv78vv6qrx7or7wnamon` FOREIGN KEY (`season_id`) REFERENCES `season` (`id`),
  CONSTRAINT `FKe0s3f8iib0k9xyw8hoa9l7w40` FOREIGN KEY (`squad_statistics_id`) REFERENCES `squad_game_statistics` (`id`),
  CONSTRAINT `FKtm3yob1cme2nhphpeyylmpvex` FOREIGN KEY (`game_map_id`) REFERENCES `map` (`id`)
) ENGINE=InnoDB AUTO_INCREMENT=173 DEFAULT CHARSET=utf8;
/*!40101 SET character_set_client = @saved_cs_client */;

--
-- Dumping data for table `game`
--

LOCK TABLES `game` WRITE;
/*!40000 ALTER TABLE `game` DISABLE KEYS */;
INSERT INTO `game` VALUES (1,'2020-04-03 21:00:00.000000',3,17,1),(2,'2020-04-03 21:30:00.000000',12,17,2),(3,'2020-04-03 22:00:00.000000',17,17,3),(4,'2020-04-03 22:30:00.000000',4,17,4),(5,'2020-04-04 21:00:00.000000',17,17,5),(6,'2020-04-04 21:30:00.000000',17,17,6),(7,'2020-04-04 22:00:00.000000',11,17,7),(8,'2020-04-04 22:30:00.000000',1,17,8),(9,'2020-04-05 21:00:00.000000',4,17,9),(10,'2020-04-05 21:30:00.000000',2,17,10),(11,'2020-04-05 22:00:00.000000',19,17,11),(12,'2020-04-07 21:00:00.000000',3,17,12),(13,'2020-04-07 21:30:00.000000',2,17,13),(14,'2020-04-07 22:00:00.000000',3,17,14),(15,'2020-04-07 22:30:00.000000',4,17,15),(16,'2020-04-07 23:00:00.000000',4,17,16),(17,'2020-04-07 23:30:00.000000',3,17,17),(18,'2020-04-08 21:00:00.000000',17,17,18),(19,'2020-04-08 21:30:00.000000',4,17,19),(20,'2020-04-08 22:00:00.000000',5,17,20),(21,'2020-04-09 21:00:00.000000',14,17,21),(22,'2020-04-09 21:30:00.000000',2,17,22),(23,'2020-04-09 22:00:00.000000',1,17,23),(24,'2020-04-09 22:30:00.000000',3,17,24),(25,'2020-04-10 21:00:00.000000',17,17,25),(26,'2020-04-10 21:30:00.000000',17,17,26),(27,'2020-04-10 22:00:00.000000',14,17,27),(28,'2020-04-10 22:30:00.000000',2,17,28),(29,'2020-04-10 23:00:00.000000',5,17,29),(30,'2020-04-11 21:00:00.000000',17,17,30),(31,'2020-04-11 21:30:00.000000',19,17,31),(32,'2020-04-11 22:00:00.000000',19,17,32),(33,'2020-04-11 22:30:00.000000',2,17,33),(34,'2020-04-12 21:00:00.000000',1,17,34),(35,'2020-04-12 21:30:00.000000',2,17,35),(36,'2020-04-13 21:00:00.000000',17,17,36),(37,'2020-04-13 21:30:00.000000',2,17,37),(38,'2020-04-13 22:00:00.000000',14,17,38),(39,'2020-04-13 22:30:00.000000',1,17,39),(40,'2020-04-14 00:00:00.000000',17,17,40),(41,'2020-04-14 22:30:00.000000',12,17,41),(42,'2020-04-14 23:00:00.000000',4,17,42),(43,'2020-04-15 00:00:00.000000',11,17,43),(44,'2020-04-15 21:00:00.000000',17,17,44),(45,'2020-04-15 21:30:00.000000',2,17,45),(46,'2020-04-15 22:00:00.000000',11,17,46),(47,'2020-04-15 22:30:00.000000',14,17,47),(48,'2020-04-16 21:00:00.000000',12,17,48),(49,'2020-04-17 21:00:00.000000',14,17,49),(50,'2020-04-17 21:30:00.000000',11,17,50),(51,'2020-04-17 22:00:00.000000',3,17,51),(52,'2020-04-17 22:30:00.000000',3,17,52),(54,'2020-04-17 23:00:00.000000',3,17,54),(56,'2020-04-17 23:30:00.000000',13,17,56),(57,'2020-04-18 20:00:00.000000',13,17,57),(58,'2020-04-18 20:30:00.000000',12,17,58),(59,'2020-04-18 21:00:00.000000',17,17,59),(60,'2020-04-18 21:30:00.000000',13,17,60),(61,'2020-04-18 22:00:00.000000',2,17,61),(62,'2020-04-18 22:30:00.000000',11,17,62),(63,'2020-04-18 23:00:00.000000',12,17,63),(64,'2020-04-18 23:30:00.000000',13,17,64),(65,'2020-04-19 21:00:00.000000',3,17,65),(66,'2020-04-19 21:30:00.000000',4,17,66),(67,'2020-04-19 22:00:00.000000',5,17,67),(68,'2020-04-19 22:30:00.000000',19,17,68),(69,'2020-04-19 23:00:00.000000',1,17,69),(70,'2020-04-19 23:30:00.000000',12,17,70),(71,'2020-04-21 21:00:00.000000',13,17,71),(72,'2020-04-21 21:30:00.000000',5,17,72),(73,'2020-04-21 22:00:00.000000',13,17,73),(74,'2020-04-23 21:00:00.000000',2,17,74),(75,'2020-04-23 21:30:00.000000',17,17,75),(76,'2020-04-23 22:00:00.000000',6,17,76),(77,'2020-04-25 19:00:00.000000',5,17,77),(78,'2020-04-25 19:30:00.000000',19,17,78),(79,'2020-04-25 20:00:00.000000',2,17,79),(80,'2020-04-25 20:30:00.000000',17,17,80),(81,'2020-04-25 21:00:00.000000',4,17,81),(82,'2020-04-25 21:30:00.000000',11,17,82),(83,'2020-04-25 22:00:00.000000',14,17,83),(84,'2020-04-25 22:30:00.000000',1,17,84),(85,'2020-04-25 23:00:00.000000',19,17,85),(86,'2020-04-28 21:00:00.000000',3,17,86),(87,'2020-04-28 21:30:00.000000',2,17,87),(88,'2020-04-28 22:00:00.000000',5,17,88),(89,'2020-04-28 22:30:00.000000',13,17,89),(90,'2020-04-28 23:00:00.000000',4,17,90),(91,'2020-04-28 23:30:00.000000',17,17,91),(92,'2020-04-29 21:00:00.000000',11,17,92),(93,'2020-04-29 21:30:00.000000',5,17,93),(94,'2020-04-30 21:00:00.000000',5,17,94),(95,'2020-04-30 21:30:00.000000',12,17,95),(96,'2020-04-30 22:00:00.000000',19,17,96),(97,'2020-05-01 21:00:00.000000',14,17,97),(98,'2020-05-02 21:00:00.000000',17,17,98),(99,'2020-05-02 21:30:00.000000',3,17,99),(100,'2020-05-02 22:00:00.000000',4,17,100),(101,'2020-05-03 21:00:00.000000',1,17,101),(102,'2020-05-03 21:30:00.000000',3,17,102),(103,'2020-05-03 22:00:00.000000',6,17,103),(104,'2020-05-05 21:00:00.000000',12,17,104),(105,'2020-05-05 21:30:00.000000',5,17,105),(106,'2020-05-07 21:00:00.000000',14,17,106),(107,'2020-05-08 21:00:00.000000',19,17,107),(108,'2020-05-08 21:30:00.000000',4,17,108),(109,'2020-05-08 22:00:00.000000',17,17,109),(110,'2020-05-08 22:30:00.000000',11,17,110),(111,'2020-05-08 23:00:00.000000',12,17,111),(112,'2020-05-09 21:00:00.000000',1,17,112),(113,'2020-05-09 21:30:00.000000',3,17,113),(114,'2020-05-09 22:00:00.000000',14,17,114),(115,'2020-05-09 22:30:00.000000',19,17,115),(116,'2020-05-09 23:00:00.000000',17,17,116),(117,'2020-05-09 23:30:00.000000',11,17,117),(118,'2020-05-10 20:00:00.000000',17,17,118),(119,'2020-05-10 20:30:00.000000',13,17,119),(120,'2020-05-10 21:00:00.000000',4,17,120),(121,'2020-05-10 21:30:00.000000',12,17,121),(122,'2020-05-10 22:00:00.000000',5,17,122),(123,'2020-05-10 22:30:00.000000',2,17,123),(124,'2020-05-10 23:00:00.000000',6,17,124),(125,'2020-05-11 21:00:00.000000',3,17,125),(126,'2020-05-11 21:30:00.000000',4,17,126),(127,'2020-05-12 21:00:00.000000',14,17,127),(128,'2020-05-12 21:30:00.000000',1,17,128),(129,'2020-05-12 22:00:00.000000',11,17,129),(130,'2020-05-12 22:30:00.000000',19,17,130),(131,'2020-05-13 21:00:00.000000',17,17,131),(132,'2020-05-14 21:00:00.000000',2,17,132),(133,'2020-05-14 21:30:00.000000',14,17,133),(134,'2020-05-14 22:00:00.000000',12,17,134),(135,'2020-05-14 22:30:00.000000',13,17,135),(136,'2020-05-14 23:00:00.000000',5,17,136),(137,'2020-05-15 21:00:00.000000',4,17,137),(138,'2020-05-15 21:30:00.000000',6,17,138),(139,'2020-05-15 22:00:00.000000',3,17,139),(140,'2020-05-15 22:30:00.000000',19,17,140),(141,'2020-05-17 21:00:00.000000',1,17,141),(142,'2020-05-17 21:30:00.000000',11,17,142),(143,'2020-05-17 22:00:00.000000',14,17,143),(144,'2020-05-17 22:30:00.000000',17,17,144),(145,'2020-05-19 21:00:00.000000',12,17,145),(146,'2020-05-19 21:30:00.000000',2,17,146),(147,'2020-05-19 22:00:00.000000',3,17,147),(148,'2020-05-19 22:30:00.000000',6,17,148),(149,'2020-05-19 23:00:00.000000',4,17,149),(150,'2020-05-21 21:00:00.000000',11,17,150),(151,'2020-05-21 21:30:00.000000',1,17,151),(152,'2020-05-21 22:00:00.000000',12,17,152),(153,'2020-05-22 21:00:00.000000',1,17,153),(154,'2020-05-23 21:00:00.000000',13,17,154),(155,'2020-05-23 21:30:00.000000',17,17,155),(156,'2020-05-25 21:00:00.000000',5,17,156),(157,'2020-05-25 21:30:00.000000',14,17,157),(158,'2020-05-25 22:00:00.000000',12,17,158),(159,'2020-05-26 21:00:00.000000',11,17,159),(160,'2020-05-26 21:30:00.000000',4,17,160),(161,'2020-05-26 22:00:00.000000',5,17,161),(162,'2020-05-26 22:30:00.000000',1,17,162),(163,'2020-05-27 21:00:00.000000',2,17,163),(164,'2020-05-27 21:30:00.000000',19,17,164),(165,'2020-05-27 22:00:00.000000',14,17,165),(166,'2020-05-28 21:00:00.000000',12,17,166),(167,'2020-05-28 21:30:00.000000',13,17,167),(168,'2020-05-29 21:00:00.000000',17,17,168),(169,'2020-05-29 21:30:00.000000',11,17,169),(170,'2020-05-29 22:00:00.000000',3,17,170),(171,'2020-05-29 22:30:00.000000',2,17,171),(172,'2020-05-29 23:00:00.000000',4,17,172);
/*!40000 ALTER TABLE `game` ENABLE KEYS */;
UNLOCK TABLES;

--
-- Table structure for table `map`
--

DROP TABLE IF EXISTS `map`;
/*!40101 SET @saved_cs_client     = @@character_set_client */;
/*!40101 SET character_set_client = utf8 */;
CREATE TABLE `map` (
  `id` bigint(20) NOT NULL AUTO_INCREMENT,
  `name` varchar(255) DEFAULT NULL,
  PRIMARY KEY (`id`),
  UNIQUE KEY `UK_dxgmhq3d88uiy93xjekqnwck5` (`name`)
) ENGINE=InnoDB AUTO_INCREMENT=21 DEFAULT CHARSET=utf8;
/*!40101 SET character_set_client = @saved_cs_client */;

--
-- Dumping data for table `map`
--

LOCK TABLES `map` WRITE;
/*!40000 ALTER TABLE `map` DISABLE KEYS */;
INSERT INTO `map` VALUES (1,'Bank'),(2,'Border'),(3,'Chalet'),(4,'Club House'),(5,'Coastline'),(6,'Consulate'),(7,'Favela'),(8,'Fortress'),(9,'Hereford Base'),(10,'House'),(11,'Kafe Dostoyevsky'),(12,'Kanal'),(13,'Oregon'),(14,'Outback'),(15,'Presidential Plane'),(16,'Skyscraper'),(17,'Theme Park'),(18,'Tower'),(19,'Villa'),(20,'Yacht');
/*!40000 ALTER TABLE `map` ENABLE KEYS */;
UNLOCK TABLES;

--
-- Table structure for table `player`
--

DROP TABLE IF EXISTS `player`;
/*!40101 SET @saved_cs_client     = @@character_set_client */;
/*!40101 SET character_set_client = utf8 */;
CREATE TABLE `player` (
  `id` bigint(20) NOT NULL AUTO_INCREMENT,
  `alias` varchar(255) DEFAULT NULL,
  `name` varchar(255) DEFAULT NULL,
  `role` int(11) DEFAULT NULL,
  PRIMARY KEY (`id`)
) ENGINE=InnoDB AUTO_INCREMENT=6 DEFAULT CHARSET=utf8;
/*!40101 SET character_set_client = @saved_cs_client */;

--
-- Dumping data for table `player`
--

LOCK TABLES `player` WRITE;
/*!40000 ALTER TABLE `player` DISABLE KEYS */;
INSERT INTO `player` VALUES (1,'xxPlazmaBurstxx','Stephen Prizio',2),(2,'KushMonster55','Paolo Drago',2),(3,'Odysseus155','Alessandro Drago',3),(4,'BrutalKilla47','Vince Morello',1),(5,'XMonsterAntX','Anthony Frenza',3);
/*!40000 ALTER TABLE `player` ENABLE KEYS */;
UNLOCK TABLES;

--
-- Table structure for table `player_game_statistics`
--

DROP TABLE IF EXISTS `player_game_statistics`;
/*!40101 SET @saved_cs_client     = @@character_set_client */;
/*!40101 SET character_set_client = utf8 */;
CREATE TABLE `player_game_statistics` (
  `id` bigint(20) NOT NULL AUTO_INCREMENT,
  `assists` int(11) DEFAULT NULL,
  `deaths` int(11) DEFAULT NULL,
  `kills` int(11) DEFAULT NULL,
  `score` int(11) DEFAULT NULL,
  `player_id` bigint(20) DEFAULT NULL,
  PRIMARY KEY (`id`),
  KEY `FKkow2n7ldx2l7ng3q3nw3w8b3t` (`player_id`),
  CONSTRAINT `FKkow2n7ldx2l7ng3q3nw3w8b3t` FOREIGN KEY (`player_id`) REFERENCES `player` (`id`)
) ENGINE=InnoDB AUTO_INCREMENT=685 DEFAULT CHARSET=utf8;
/*!40101 SET character_set_client = @saved_cs_client */;

--
-- Dumping data for table `player_game_statistics`
--

LOCK TABLES `player_game_statistics` WRITE;
/*!40000 ALTER TABLE `player_game_statistics` DISABLE KEYS */;
INSERT INTO `player_game_statistics` VALUES (1,0,1,10,6802,1),(2,3,3,2,5730,4),(3,1,1,4,5821,2),(4,1,4,1,1320,2),(5,0,4,2,1203,1),(6,1,4,2,1290,4),(7,0,2,3,5550,2),(8,1,1,6,6127,1),(9,0,0,6,6172,4),(10,2,7,8,3480,2),(11,4,7,2,2767,3),(12,1,6,13,3921,1),(13,1,7,2,2281,4),(14,0,4,8,6481,2),(15,0,3,5,5580,1),(16,0,4,2,4830,4),(17,1,4,5,5574,2),(18,5,3,1,5407,1),(19,0,1,10,6517,4),(20,2,3,8,6525,2),(21,0,4,1,4980,1),(22,0,3,7,6060,4),(23,4,7,3,3180,1),(24,1,5,7,3787,2),(25,2,7,4,3052,4),(26,0,5,3,6180,4),(27,7,6,4,7080,2),(28,1,3,13,7804,1),(29,5,7,5,3960,4),(30,3,5,7,3667,1),(31,2,5,5,3450,2),(32,2,8,3,3285,2),(33,5,7,5,3435,1),(34,2,7,2,2745,4),(35,1,3,4,5715,1),(36,2,5,3,5925,4),(37,0,5,4,1287,1),(38,0,4,6,1720,4),(39,3,1,9,6727,1),(40,2,1,4,5670,2),(41,3,3,2,5670,4),(42,0,4,3,3245,4),(43,2,1,3,3845,2),(44,0,2,6,3682,1),(45,0,2,3,3502,4),(46,0,2,4,3563,1),(47,4,2,5,4060,2),(48,2,4,4,1562,3),(49,1,5,3,1095,5),(50,0,5,1,1230,4),(51,1,5,0,1195,2),(52,0,4,2,1477,1),(53,0,5,4,1470,1),(54,1,5,3,1340,4),(55,1,4,1,980,5),(56,1,4,2,960,3),(57,1,4,3,1085,2),(58,1,4,3,983,1),(59,1,8,2,5520,3),(60,1,5,3,970,2),(61,2,4,3,1175,4),(62,6,6,2,6375,5),(63,1,4,4,1410,3),(64,4,6,7,6954,4),(65,3,2,10,7230,1),(66,3,7,13,8167,2),(67,2,3,4,1560,5),(68,2,4,3,1290,2),(69,0,4,2,1095,1),(70,2,6,7,2060,4),(71,3,6,6,2025,1),(72,1,5,6,1590,2),(73,1,5,2,1200,1),(74,0,5,1,1075,4),(75,0,5,7,4330,4),(76,6,4,6,5135,2),(77,5,5,5,4567,1),(78,0,4,9,1830,1),(79,2,5,6,3950,5),(80,2,4,3,3630,3),(81,4,5,1,1495,4),(82,4,4,5,4100,4),(83,3,3,2,3785,5),(84,2,4,7,4235,2),(85,2,5,5,3775,1),(86,1,4,3,3715,3),(87,3,8,2,1744,3),(88,2,3,5,4260,4),(89,0,5,3,3825,1),(90,1,3,10,4395,2),(91,4,8,3,1880,5),(92,2,6,8,4565,3),(93,2,7,9,2615,4),(94,2,6,8,2180,2),(95,3,5,8,4421,5),(96,0,6,6,1970,1),(97,0,3,3,1035,5),(98,1,6,5,3818,4),(99,2,4,3,1205,3),(100,3,7,6,4385,2),(101,2,5,7,4380,1),(102,0,5,2,927,4),(103,0,5,4,1350,1),(104,3,4,2,4010,3),(105,1,4,3,3825,5),(106,0,4,4,1210,2),(107,4,5,3,4430,2),(108,1,3,7,4525,1),(109,2,6,5,2065,3),(110,1,4,8,2600,5),(111,2,5,3,4065,3),(112,4,6,2,1915,4),(113,2,7,5,2225,2),(114,1,6,4,1645,1),(115,4,4,6,4100,5),(116,1,5,5,3725,4),(117,3,2,1,3920,5),(118,1,4,2,3710,3),(119,2,3,6,3875,1),(120,4,5,5,4110,2),(121,1,4,0,1245,3),(122,1,2,4,3860,4),(123,0,2,6,4145,2),(124,1,4,2,3710,1),(125,0,4,3,1395,5),(126,1,4,3,1635,2),(127,1,4,3,1567,1),(128,1,4,1,1207,4),(129,0,4,5,1455,1),(130,0,4,2,1395,1),(131,5,4,4,4485,2),(132,1,4,5,4295,1),(133,2,4,2,1055,1),(134,2,5,4,1532,2),(135,2,2,4,3695,1),(136,0,3,9,4550,2),(137,2,5,3,1120,1),(138,0,5,2,1065,2),(139,0,3,10,2101,1),(140,1,5,4,1400,2),(141,1,6,6,3250,2),(142,1,6,11,3705,1),(143,3,4,1,3685,4),(144,1,1,5,4205,3),(145,3,2,4,3910,1),(146,1,2,4,3915,2),(147,2,0,2,3575,5),(148,1,6,3,2205,3),(149,5,5,5,2567,5),(150,1,6,6,2100,1),(151,4,5,4,2450,2),(152,2,7,8,2460,4),(153,3,7,3,4285,5),(154,5,7,9,5325,2),(155,3,8,8,4730,1),(156,2,4,11,4875,3),(157,4,9,7,4535,4),(158,3,5,6,4485,5),(159,5,6,7,4650,2),(160,3,4,9,4720,1),(161,2,6,5,4630,3),(162,7,7,7,4830,4),(163,2,5,3,3620,4),(164,0,4,0,3730,5),(165,0,3,4,3725,3),(166,0,4,4,3620,1),(167,1,4,5,3782,2),(168,2,3,6,4136,3),(169,2,4,4,3975,1),(170,2,3,9,4491,2),(171,1,5,2,3590,4),(172,0,4,4,3600,5),(173,2,5,6,2112,2),(174,1,5,5,1605,4),(175,3,5,2,1390,3),(176,1,5,5,1570,1),(177,4,5,3,1935,5),(178,0,2,5,3680,2),(179,2,1,5,4130,3),(180,2,2,10,4390,1),(181,1,3,0,3088,5),(182,3,2,3,3790,4),(183,1,2,5,3785,1),(184,3,1,1,3584,3),(185,0,0,4,3760,5),(186,1,3,3,3510,4),(187,0,2,4,3610,2),(188,3,5,3,3625,4),(189,2,3,7,3850,2),(190,2,2,3,3925,3),(191,3,2,1,3572,5),(192,1,1,5,3730,1),(193,3,5,3,3625,4),(194,2,2,3,3925,3),(195,3,2,1,3572,5),(196,2,3,7,3850,2),(197,1,1,5,3730,1),(198,2,1,1,3590,1),(199,0,0,4,3760,3),(200,1,1,2,3570,5),(201,2,2,0,3625,2),(202,0,3,2,3575,4),(203,0,3,2,3575,4),(204,0,0,4,3760,3),(205,2,1,1,3590,1),(206,2,2,0,3625,2),(207,1,1,2,3570,5),(208,3,6,5,1855,1),(209,1,5,6,1940,3),(210,2,6,4,1746,4),(211,0,6,8,2050,5),(212,2,6,4,1815,2),(213,1,2,4,3815,5),(214,1,2,6,3879,1),(215,3,3,3,3715,4),(216,3,1,1,3820,3),(217,1,2,5,3837,2),(218,1,5,5,3725,5),(219,1,5,3,3595,3),(220,1,3,6,3870,1),(221,0,5,4,3510,2),(222,1,4,5,3880,4),(223,3,7,3,2255,3),(224,4,8,5,2070,4),(225,5,6,4,1950,1),(226,2,6,3,2025,2),(227,3,6,12,2835,5),(228,3,6,13,3110,5),(229,4,9,3,1910,4),(230,3,9,3,2225,2),(231,5,6,6,2480,1),(232,1,6,10,2645,3),(233,2,4,5,1490,5),(234,1,4,1,883,4),(235,3,4,4,1455,1),(236,0,4,3,1110,3),(237,0,4,2,1070,2),(238,4,4,6,4096,1),(239,2,3,6,3885,3),(240,1,4,3,3456,4),(241,4,3,3,3800,5),(242,1,3,6,3695,2),(243,3,6,3,1565,2),(244,2,6,3,1725,3),(245,2,5,5,1775,1),(246,0,5,5,1739,4),(247,0,5,1,1100,5),(248,2,4,2,3473,4),(249,2,3,4,3617,1),(250,0,2,5,3735,2),(251,4,3,5,4142,1),(252,4,3,6,4045,2),(253,2,3,3,3760,4),(254,0,4,3,1480,2),(255,1,4,0,775,1),(256,0,4,4,1297,4),(257,2,7,4,1950,2),(258,6,8,3,1965,4),(259,1,6,9,2100,1),(260,0,2,7,4085,2),(261,1,4,1,3455,4),(262,2,2,4,3911,1),(263,2,6,1,1680,4),(264,0,6,5,2110,1),(265,4,5,6,2465,2),(266,1,5,3,1575,2),(267,2,5,2,1480,4),(268,1,4,5,1905,3),(269,1,5,3,1270,1),(270,8,6,6,4700,2),(271,3,6,9,4765,1),(272,2,4,8,4452,4),(273,2,4,4,4410,3),(274,0,4,4,1305,4),(275,1,5,3,1445,3),(276,0,5,4,1240,1),(277,0,5,3,4070,1),(278,2,4,6,4470,3),(279,4,8,9,4745,4),(280,1,4,4,4070,5),(281,4,6,5,4666,3),(282,1,4,6,4615,4),(283,3,5,6,4685,5),(284,1,4,9,4765,1),(285,2,4,4,1595,4),(286,2,4,5,1800,2),(287,0,5,2,1285,5),(288,0,4,6,1525,1),(289,1,4,3,1537,3),(290,0,2,2,3595,1),(291,3,2,3,3690,3),(292,1,1,7,3960,4),(293,2,4,1,3590,2),(294,1,5,8,4940,4),(295,2,5,7,5150,1),(296,2,8,2,3930,3),(297,1,5,5,4535,2),(298,1,1,3,3510,1),(299,1,2,4,3775,2),(300,0,1,0,666,3),(301,2,0,6,3975,4),(302,1,4,2,3380,2),(303,1,1,3,3690,3),(304,0,2,6,3800,1),(305,1,4,1,3375,4),(306,1,2,2,3670,3),(307,2,4,5,4005,2),(308,1,2,13,4754,1),(309,2,3,1,3486,4),(310,1,3,3,3575,3),(311,0,3,4,3555,1),(312,1,4,7,4285,2),(313,3,3,1,3435,4),(314,1,0,1,3670,3),(315,0,2,5,3865,4),(316,2,2,6,4225,1),(317,3,2,3,4175,2),(318,1,4,3,1045,1),(319,0,4,2,885,4),(320,1,4,3,1115,2),(321,2,3,0,655,3),(322,2,4,4,3790,1),(323,0,1,3,3605,3),(324,1,2,2,3700,2),(325,2,1,4,4126,1),(326,2,1,1,3690,2),(327,1,1,6,4130,4),(328,1,5,6,2115,3),(329,2,7,3,1925,4),(330,1,5,7,2420,1),(331,1,6,5,2010,2),(332,0,4,6,1700,3),(333,2,5,2,1342,5),(334,1,6,1,1122,1),(335,1,4,6,1875,2),(336,2,5,3,1380,4),(337,1,3,3,4120,3),(338,2,5,9,4625,2),(339,1,5,8,4455,1),(340,0,4,4,3980,4),(341,1,4,4,3735,5),(342,3,4,1,3672,1),(343,3,4,6,4450,2),(344,0,5,4,3630,4),(345,2,2,4,3913,5),(346,2,3,6,4580,3),(347,1,6,1,3390,4),(348,2,3,7,4475,5),(349,1,5,9,4370,2),(350,1,3,4,4060,3),(351,2,4,3,3755,1),(352,2,5,2,1250,4),(353,0,4,0,628,3),(354,0,4,5,1675,2),(355,0,2,4,1410,1),(356,3,6,7,1775,2),(357,1,5,3,1685,3),(358,1,6,2,1125,4),(359,1,5,4,1450,1),(360,1,3,5,1900,1),(361,2,5,3,1625,2),(362,1,2,5,3696,1),(363,2,1,5,4055,2),(364,1,5,11,5430,1),(365,4,4,8,5375,2),(366,0,2,6,3850,1),(367,2,3,3,3865,2),(368,1,3,6,3925,2),(369,2,3,2,3745,1),(370,1,2,0,3215,2),(371,1,1,2,3510,1),(372,1,2,5,3915,1),(373,4,2,5,4535,2),(374,2,4,3,1225,2),(375,0,4,2,1002,1),(376,1,6,2,1560,5),(377,1,5,11,2548,1),(378,2,7,6,2025,2),(379,0,5,2,1160,4),(380,2,4,3,975,1),(381,0,4,1,1120,3),(382,0,5,8,2040,5),(383,1,4,4,1470,2),(384,0,4,12,4955,2),(385,1,4,5,4319,3),(386,1,6,3,3969,4),(387,2,6,2,4053,1),(388,2,6,3,4375,5),(389,1,5,0,775,4),(390,1,4,9,1803,1),(391,2,5,1,1040,2),(392,2,6,3,1725,4),(393,4,6,6,2230,2),(394,1,5,6,2165,1),(395,1,6,2,1682,4),(396,0,6,8,2150,1),(397,2,0,8,4705,2),(398,1,2,2,3642,1),(399,0,2,3,3628,4),(400,3,4,6,4185,2),(401,0,3,4,3690,1),(402,3,4,4,4065,4),(403,2,4,3,1490,2),(404,2,3,6,1310,1),(405,1,4,2,965,2),(406,0,4,3,1024,1),(407,0,3,4,3910,1),(408,1,2,6,4235,3),(409,4,5,4,4004,2),(410,0,1,4,3480,5),(411,2,4,6,3795,4),(412,0,4,5,1490,1),(413,0,5,0,926,4),(414,0,5,2,1240,3),(415,1,4,4,1580,2),(416,0,5,4,1745,5),(417,2,3,5,3830,2),(418,1,2,3,3505,5),(419,0,1,4,3640,1),(420,1,2,2,3590,3),(421,1,4,4,3537,4),(422,4,5,10,5070,1),(423,2,6,5,4050,2),(424,3,7,8,4416,4),(425,2,4,7,4575,3),(426,1,6,5,4280,5),(427,1,6,5,1645,2),(428,1,6,5,1535,3),(429,2,4,6,1820,4),(430,4,5,2,1780,5),(431,0,4,4,1536,1),(432,0,4,4,1355,2),(433,2,4,0,900,4),(434,0,4,4,1215,1),(435,1,4,3,1225,3),(436,0,4,2,955,5),(437,0,4,2,765,2),(438,1,4,3,970,1),(439,0,4,1,600,4),(440,0,5,8,4545,2),(441,3,5,9,4865,4),(442,2,5,3,4130,1),(443,1,1,8,4325,2),(444,2,2,0,3611,1),(445,0,0,3,3625,4),(446,2,7,4,2155,2),(447,2,6,7,2379,1),(448,1,6,2,1715,4),(449,3,6,5,2239,3),(450,2,2,1,3535,3),(451,0,0,8,4068,1),(452,0,1,7,3831,4),(453,0,2,2,3370,2),(454,6,8,6,4890,2),(455,3,4,11,5150,1),(456,4,6,1,4547,3),(457,0,7,7,4590,4),(458,0,4,5,1190,1),(459,1,4,1,945,4),(460,1,4,1,880,2),(461,1,4,0,895,3),(462,1,2,5,3820,2),(463,1,4,4,3712,4),(464,0,2,0,3144,1),(465,1,1,4,3820,3),(466,1,4,3,1005,2),(467,1,4,0,696,4),(468,0,4,4,1139,1),(469,4,2,5,4325,3),(470,2,3,5,3905,5),(471,2,2,7,4160,1),(472,5,3,4,4000,4),(473,2,3,7,2065,2),(474,3,4,2,1805,1),(475,0,5,2,1605,3),(476,2,6,3,1665,5),(477,1,5,2,1565,4),(478,1,2,4,3720,3),(479,1,3,2,3465,5),(480,2,4,4,3620,4),(481,1,2,5,3735,1),(482,1,2,8,4340,2),(483,0,6,1,1070,2),(484,2,5,1,1205,4),(485,1,5,6,1720,5),(486,1,6,3,1580,3),(487,3,5,6,2050,1),(488,0,3,9,1965,1),(489,2,5,1,1200,5),(490,2,6,5,1595,2),(491,0,6,1,895,4),(492,2,6,0,1080,4),(493,0,5,4,1520,5),(494,0,5,3,1235,2),(495,0,5,8,1740,1),(496,1,5,2,1680,3),(497,1,6,4,1995,1),(498,1,5,8,2600,5),(499,1,6,4,1845,3),(500,0,7,3,1570,2),(501,0,7,3,1605,4),(502,0,6,8,4126,4),(503,2,7,6,4195,5),(504,4,6,5,4392,2),(505,2,5,9,4623,3),(506,3,5,6,4651,1),(507,2,3,3,3710,2),(508,3,3,2,3630,4),(509,0,3,1,3325,5),(510,0,0,10,4390,3),(511,5,3,0,3660,1),(512,0,3,9,4288,1),(513,4,4,6,4370,3),(514,1,5,5,4050,2),(515,6,5,2,3961,4),(516,2,4,3,3695,5),(517,1,5,5,3810,2),(518,1,2,4,4051,3),(519,2,3,5,4169,1),(520,2,3,3,4205,4),(521,3,7,9,3055,3),(522,0,7,8,2090,4),(523,1,7,7,2445,1),(524,3,7,4,2267,2),(525,1,1,5,3761,1),(526,3,2,7,4005,2),(527,0,2,0,3385,3),(528,3,3,2,3530,4),(529,1,6,8,2470,1),(530,2,5,7,2460,2),(531,1,7,5,1815,4),(532,1,6,3,1970,3),(533,1,6,2,3825,1),(534,2,3,2,4055,3),(535,0,3,7,4060,5),(536,3,4,4,4060,4),(537,1,4,8,4462,2),(538,3,4,5,3835,2),(539,2,2,7,4205,3),(540,2,5,3,3510,4),(541,3,2,5,3835,1),(542,3,3,2,3845,5),(543,0,1,15,5020,5),(544,2,6,1,3495,4),(545,2,5,3,3960,1),(546,7,5,3,4215,2),(547,4,4,2,3940,3),(548,5,9,4,2290,2),(549,1,5,3,1955,5),(550,2,5,9,2764,1),(551,2,8,10,2790,3),(552,2,9,4,2030,4),(553,3,6,5,2340,3),(554,2,7,9,2675,2),(555,2,6,5,2087,1),(556,2,7,4,2207,4),(557,2,8,4,2165,5),(558,2,6,7,2605,5),(559,1,6,5,2194,2),(560,1,6,5,2405,3),(561,2,5,8,2529,1),(562,5,7,6,2370,4),(563,0,0,8,4296,1),(564,2,3,3,3785,5),(565,1,0,3,4080,3),(566,1,2,4,3710,4),(567,5,3,1,3625,2),(568,2,7,10,5070,2),(569,2,6,7,4835,3),(570,3,5,4,4245,5),(571,2,6,6,4721,4),(572,3,5,10,4865,1),(573,0,1,7,3703,1),(574,1,4,5,3640,2),(575,2,3,3,3385,3),(576,1,3,3,3472,4),(577,2,3,2,3375,1),(578,3,3,9,4775,2),(579,3,5,8,4195,4),(580,1,3,1,3270,3),(581,1,3,4,3555,5),(582,1,4,4,4635,3),(583,4,5,4,4296,2),(584,2,3,13,5111,1),(585,2,7,1,3755,5),(586,4,6,8,4710,4),(587,3,3,9,4711,1),(588,1,5,3,3605,3),(589,2,5,2,3410,4),(590,3,3,3,3740,5),(591,2,4,8,4345,2),(592,0,5,8,2015,2),(593,4,6,4,2535,3),(594,5,7,7,2430,1),(595,2,8,1,1220,4),(596,2,5,8,2715,1),(597,4,8,4,2469,4),(598,3,8,8,2820,2),(599,2,8,4,2230,3),(600,4,7,9,2807,1),(601,2,9,5,2160,4),(602,3,5,6,2540,5),(603,0,6,8,2542,2),(604,1,7,8,2461,3),(605,2,5,1,1115,5),(606,2,4,10,2155,2),(607,3,4,1,1395,1),(608,2,6,4,1360,3),(609,2,6,3,1340,4),(610,3,6,5,1720,2),(611,0,4,4,1380,3),(612,1,4,4,1665,1),(613,1,6,4,1415,4),(614,0,1,5,3995,3),(615,1,1,1,3440,4),(616,3,4,2,3790,5),(617,2,1,3,3845,1),(618,1,5,0,795,4),(619,1,4,4,1430,5),(620,0,4,7,1600,3),(621,2,5,3,1205,1),(622,1,7,8,4342,4),(623,1,5,7,4394,1),(624,3,3,6,4345,5),(625,2,5,4,4235,3),(626,1,4,7,4185,5),(627,1,4,3,3675,4),(628,3,3,7,4365,3),(629,1,3,6,4490,1),(630,0,3,3,745,5),(631,1,4,5,1170,3),(632,2,4,2,910,2),(633,1,3,1,723,4),(634,2,4,1,925,1),(635,3,6,1,3490,4),(636,5,4,4,4206,3),(637,0,3,4,3557,1),(638,1,4,9,4130,2),(639,2,2,5,3930,5),(640,0,5,5,4140,3),(641,4,6,7,4730,2),(642,3,5,9,4645,1),(643,3,8,5,4037,4),(644,3,5,9,4820,5),(645,1,2,5,3740,2),(646,1,2,4,3770,1),(647,0,1,6,3700,5),(648,2,2,4,3760,3),(649,0,5,3,3510,4),(650,0,6,3,1375,2),(651,1,6,4,1535,3),(652,1,6,1,1108,4),(653,2,4,9,2333,1),(654,3,6,2,1450,5),(655,3,4,1,3585,4),(656,1,3,5,3868,1),(657,1,1,9,4380,5),(658,0,2,4,3855,3),(659,5,3,4,4120,2),(660,1,5,4,1161,1),(661,2,5,2,1115,4),(662,0,3,3,1304,3),(663,0,3,4,1385,5),(664,1,5,1,847,2),(665,3,7,6,2215,4),(666,3,8,5,2185,2),(667,3,8,6,2255,3),(668,0,5,5,1980,1),(669,2,6,4,2150,5),(670,0,4,6,1365,4),(671,1,4,0,770,5),(672,2,4,2,1148,1),(673,0,4,0,625,3),(674,2,4,1,990,2),(675,1,4,7,4169,2),(676,3,6,4,3863,4),(677,2,4,5,3940,1),(678,1,5,3,3755,5),(679,0,5,4,3775,3),(680,1,7,10,2532,4),(681,2,4,10,2510,1),(682,3,8,1,1935,3),(683,2,4,3,1890,5),(684,4,7,5,2420,2);
/*!40000 ALTER TABLE `player_game_statistics` ENABLE KEYS */;
UNLOCK TABLES;

--
-- Table structure for table `player_player_seasons`
--

DROP TABLE IF EXISTS `player_player_seasons`;
/*!40101 SET @saved_cs_client     = @@character_set_client */;
/*!40101 SET character_set_client = utf8 */;
CREATE TABLE `player_player_seasons` (
  `player_id` bigint(20) NOT NULL,
  `player_seasons_id` bigint(20) NOT NULL,
  PRIMARY KEY (`player_id`,`player_seasons_id`),
  UNIQUE KEY `UK_5kcfgkq22yawtehia5sfph6qc` (`player_seasons_id`),
  CONSTRAINT `FKkd6g9vag1j2gxt9urhupayoqe` FOREIGN KEY (`player_id`) REFERENCES `player` (`id`),
  CONSTRAINT `FKrbk6v7altpwk496sde3rcr41b` FOREIGN KEY (`player_seasons_id`) REFERENCES `player_season_statistics` (`id`)
) ENGINE=InnoDB DEFAULT CHARSET=utf8;
/*!40101 SET character_set_client = @saved_cs_client */;

--
-- Dumping data for table `player_player_seasons`
--

LOCK TABLES `player_player_seasons` WRITE;
/*!40000 ALTER TABLE `player_player_seasons` DISABLE KEYS */;
INSERT INTO `player_player_seasons` VALUES (1,1),(1,2),(1,3),(1,4),(1,5),(1,6),(1,7),(1,8),(1,9),(2,10),(2,11),(2,12),(2,13),(2,14),(2,15),(2,16),(2,17),(2,18),(2,19),(2,20),(2,21),(3,22),(3,23),(3,24),(3,25),(3,26),(3,27),(3,28),(3,29),(3,30),(3,31),(3,32),(3,33),(4,34),(4,35),(4,36),(4,37),(4,38),(4,39),(4,40),(4,41),(4,42),(4,43),(5,44),(5,45),(5,46),(5,47),(5,48),(5,49),(5,50),(5,51),(5,52),(5,53),(5,54);
/*!40000 ALTER TABLE `player_player_seasons` ENABLE KEYS */;
UNLOCK TABLES;

--
-- Table structure for table `player_season_statistics`
--

DROP TABLE IF EXISTS `player_season_statistics`;
/*!40101 SET @saved_cs_client     = @@character_set_client */;
/*!40101 SET character_set_client = utf8 */;
CREATE TABLE `player_season_statistics` (
  `id` bigint(20) NOT NULL AUTO_INCREMENT,
  `assists` int(11) DEFAULT NULL,
  `deaths` int(11) DEFAULT NULL,
  `kills` int(11) DEFAULT NULL,
  `losses` int(11) DEFAULT NULL,
  `wins` int(11) DEFAULT NULL,
  `season_id` bigint(20) DEFAULT NULL,
  PRIMARY KEY (`id`),
  KEY `FK8f4bp6lk24k4k98xgl1ddon32` (`season_id`),
  CONSTRAINT `FK8f4bp6lk24k4k98xgl1ddon32` FOREIGN KEY (`season_id`) REFERENCES `season` (`id`)
) ENGINE=InnoDB AUTO_INCREMENT=55 DEFAULT CHARSET=utf8;
/*!40101 SET character_set_client = @saved_cs_client */;

--
-- Dumping data for table `player_season_statistics`
--

LOCK TABLES `player_season_statistics` WRITE;
/*!40000 ALTER TABLE `player_season_statistics` DISABLE KEYS */;
INSERT INTO `player_season_statistics` VALUES (1,486,1147,1563,140,163,13),(2,561,1194,1624,163,189,12),(3,258,504,586,78,81,15),(4,477,737,938,140,156,11),(5,59,179,194,16,16,9),(6,235,610,686,70,74,16),(7,458,1606,1750,131,155,10),(8,340,851,1169,100,116,17),(9,426,1053,1333,132,133,14),(10,452,1116,1087,127,129,6),(11,2,4,4,0,1,7),(12,281,520,541,79,80,15),(13,509,1210,1045,137,149,14),(14,244,626,712,65,73,16),(15,263,650,633,74,72,9),(16,510,1037,852,141,147,13),(17,818,2019,1966,224,239,10),(18,11,26,25,3,2,8),(19,473,788,755,129,139,12),(20,461,763,797,116,145,11),(21,369,885,970,92,105,17),(22,167,555,502,67,73,14),(23,32,103,108,9,18,13),(24,103,397,361,41,46,16),(25,116,372,390,46,52,10),(26,451,1445,1518,180,201,6),(27,54,174,183,18,28,12),(28,204,598,596,65,82,17),(29,72,231,243,28,32,7),(30,28,91,96,8,16,8),(31,241,774,813,100,103,9),(32,32,103,117,13,14,11),(33,186,323,385,74,83,15),(34,289,771,631,84,88,9),(35,287,453,353,85,87,15),(36,368,984,804,107,115,12),(37,305,851,649,79,98,17),(38,267,689,554,83,78,14),(39,163,434,355,84,85,10),(40,216,576,471,68,62,11),(41,300,802,656,93,87,6),(42,351,940,768,105,107,13),(43,182,525,399,55,55,16),(44,39,108,94,13,13,6),(45,79,220,192,25,28,9),(46,105,299,261,32,38,16),(47,84,197,157,25,31,11),(48,199,551,481,63,70,12),(49,193,534,467,62,67,13),(50,4,12,11,2,1,8),(51,153,429,372,53,49,14),(52,269,746,651,85,95,10),(53,165,443,441,47,59,17),(54,96,133,100,31,33,15);
/*!40000 ALTER TABLE `player_season_statistics` ENABLE KEYS */;
UNLOCK TABLES;

--
-- Table structure for table `season`
--

DROP TABLE IF EXISTS `season`;
/*!40101 SET @saved_cs_client     = @@character_set_client */;
/*!40101 SET character_set_client = utf8 */;
CREATE TABLE `season` (
  `id` bigint(20) NOT NULL AUTO_INCREMENT,
  `name` varchar(255) DEFAULT NULL,
  `release_date` date DEFAULT NULL,
  `season_number` int(11) DEFAULT NULL,
  `season_year` int(11) DEFAULT NULL,
  PRIMARY KEY (`id`)
) ENGINE=InnoDB AUTO_INCREMENT=18 DEFAULT CHARSET=utf8;
/*!40101 SET character_set_client = @saved_cs_client */;

--
-- Dumping data for table `season`
--

LOCK TABLES `season` WRITE;
/*!40000 ALTER TABLE `season` DISABLE KEYS */;
INSERT INTO `season` VALUES (1,'Operation Black Ice','2016-02-01',1,1),(2,'Operation Dust Line','2016-05-01',2,1),(3,'Operation Skull Rain','2016-08-01',3,1),(4,'Operation Red Crow','2016-11-01',4,1),(5,'Operation Velvet Shell','2017-02-01',1,2),(6,'Operation Health','2017-05-01',2,2),(7,'Operation Blood Orchid','2017-08-01',3,2),(8,'Operation White Noise','2017-11-01',4,2),(9,'Operation Chimera','2018-03-01',1,3),(10,'Operation Para Bellum','2018-06-01',2,3),(11,'Operation Grim Sky','2018-09-01',3,3),(12,'Operation Wind Bastion','2018-12-01',4,3),(13,'Operation Burnt Horizon','2019-03-01',1,4),(14,'Operation Phantom Sight','2019-06-01',2,4),(15,'Operation Ember Rise','2019-09-01',3,4),(16,'Operation Shifting Tides','2019-12-01',4,4),(17,'Operation Void Edge','2020-03-01',1,5);
/*!40000 ALTER TABLE `season` ENABLE KEYS */;
UNLOCK TABLES;

--
-- Table structure for table `squad`
--

DROP TABLE IF EXISTS `squad`;
/*!40101 SET @saved_cs_client     = @@character_set_client */;
/*!40101 SET character_set_client = utf8 */;
CREATE TABLE `squad` (
  `id` bigint(20) NOT NULL AUTO_INCREMENT,
  `name` varchar(255) DEFAULT NULL,
  PRIMARY KEY (`id`)
) ENGINE=InnoDB AUTO_INCREMENT=2 DEFAULT CHARSET=utf8;
/*!40101 SET character_set_client = @saved_cs_client */;

--
-- Dumping data for table `squad`
--

LOCK TABLES `squad` WRITE;
/*!40000 ALTER TABLE `squad` DISABLE KEYS */;
INSERT INTO `squad` VALUES (1,'Team Pay2Win');
/*!40000 ALTER TABLE `squad` ENABLE KEYS */;
UNLOCK TABLES;

--
-- Table structure for table `squad_game_statistics`
--

DROP TABLE IF EXISTS `squad_game_statistics`;
/*!40101 SET @saved_cs_client     = @@character_set_client */;
/*!40101 SET character_set_client = utf8 */;
CREATE TABLE `squad_game_statistics` (
  `id` bigint(20) NOT NULL AUTO_INCREMENT,
  `game_side` int(11) DEFAULT NULL,
  `map_result` int(11) DEFAULT NULL,
  `rounds_lost` int(11) DEFAULT NULL,
  `rounds_won` int(11) DEFAULT NULL,
  `squad_id` bigint(20) DEFAULT NULL,
  PRIMARY KEY (`id`),
  KEY `FKb8qbduv5yyev9bvydc2lbprpi` (`squad_id`),
  CONSTRAINT `FKb8qbduv5yyev9bvydc2lbprpi` FOREIGN KEY (`squad_id`) REFERENCES `squad` (`id`)
) ENGINE=InnoDB AUTO_INCREMENT=173 DEFAULT CHARSET=utf8;
/*!40101 SET character_set_client = @saved_cs_client */;

--
-- Dumping data for table `squad_game_statistics`
--

LOCK TABLES `squad_game_statistics` WRITE;
/*!40000 ALTER TABLE `squad_game_statistics` DISABLE KEYS */;
INSERT INTO `squad_game_statistics` VALUES (1,1,0,0,4,1),(2,1,1,4,0,1),(3,1,0,3,5,1),(4,1,1,5,4,1),(5,0,0,3,5,1),(6,0,0,1,4,1),(7,0,0,2,4,1),(8,0,1,5,3,1),(9,0,0,4,5,1),(10,1,1,5,4,1),(11,1,1,5,3,1),(12,1,0,2,4,1),(13,1,1,4,1,1),(14,1,0,0,4,1),(15,1,0,1,4,1),(16,1,0,0,4,1),(17,0,1,4,1,1),(18,1,1,4,2,1),(19,1,1,4,1,1),(20,0,0,4,5,1),(21,1,1,4,1,1),(22,0,1,5,3,1),(23,0,1,4,2,1),(24,0,0,3,5,1),(25,1,1,4,2,1),(26,0,0,2,4,1),(27,0,0,2,4,1),(28,1,1,5,3,1),(29,1,0,3,5,1),(30,0,1,4,1,1),(31,1,0,3,5,1),(32,1,1,5,3,1),(33,1,0,2,4,1),(34,1,0,0,4,1),(35,1,1,4,0,1),(36,1,1,4,2,1),(37,0,1,4,1,1),(38,0,0,3,5,1),(39,0,1,4,1,1),(40,0,0,1,4,1),(41,1,1,4,1,1),(42,0,1,4,2,1),(43,1,1,5,3,1),(44,1,0,0,4,1),(45,1,1,5,4,1),(46,1,0,4,5,1),(47,0,0,3,5,1),(48,1,0,2,4,1),(49,1,0,2,4,1),(50,1,1,4,2,1),(51,0,0,1,4,1),(52,1,0,0,4,1),(53,1,0,1,4,1),(54,1,0,1,4,1),(55,1,0,0,4,1),(56,1,0,0,4,1),(57,1,1,5,3,1),(58,1,0,0,4,1),(59,1,0,2,4,1),(60,1,1,5,3,1),(61,1,1,5,4,1),(62,1,1,4,1,1),(63,1,0,2,4,1),(64,0,1,4,2,1),(65,0,0,2,4,1),(66,0,0,1,4,1),(67,0,1,4,1,1),(68,1,1,5,3,1),(69,1,0,1,4,1),(70,1,1,4,2,1),(71,0,1,4,2,1),(72,0,0,3,5,1),(73,1,1,4,1,1),(74,0,0,4,5,1),(75,0,0,4,5,1),(76,1,1,4,2,1),(77,0,0,0,4,1),(78,0,0,4,5,1),(79,0,0,0,4,1),(80,1,0,0,4,1),(81,1,0,1,4,1),(82,0,0,1,4,1),(83,1,0,0,4,1),(84,1,1,4,0,1),(85,0,0,1,4,1),(86,0,0,0,4,1),(87,0,1,5,3,1),(88,1,1,4,2,1),(89,1,0,3,5,1),(90,1,0,2,4,1),(91,0,0,2,4,1),(92,0,1,4,2,1),(93,0,1,4,2,1),(94,1,1,4,2,1),(95,0,0,1,4,1),(96,0,0,4,5,1),(97,1,0,2,4,1),(98,1,0,0,4,1),(99,0,0,0,4,1),(100,1,0,1,4,1),(101,0,1,4,1,1),(102,1,1,5,3,1),(103,1,1,4,2,1),(104,0,0,3,5,1),(105,0,1,4,1,1),(106,0,1,5,4,1),(107,0,1,5,3,1),(108,0,0,0,4,1),(109,1,0,2,4,1),(110,1,1,4,0,1),(111,1,1,4,0,1),(112,0,0,1,4,1),(113,0,1,4,2,1),(114,0,0,1,4,1),(115,1,0,3,5,1),(116,0,1,4,2,1),(117,0,1,4,1,1),(118,1,1,4,0,1),(119,0,0,3,5,1),(120,1,0,0,4,1),(121,0,1,5,3,1),(122,0,0,0,4,1),(123,0,0,4,5,1),(124,1,1,4,0,1),(125,1,0,1,4,1),(126,0,1,4,0,1),(127,1,0,1,4,1),(128,0,1,4,2,1),(129,0,0,1,4,1),(130,1,1,4,2,1),(131,1,1,4,2,1),(132,0,1,4,2,1),(133,0,1,5,3,1),(134,1,0,3,5,1),(135,1,0,0,4,1),(136,1,0,2,4,1),(137,0,0,2,4,1),(138,0,1,5,4,1),(139,0,0,0,4,1),(140,0,1,5,3,1),(141,1,0,2,4,1),(142,1,0,1,4,1),(143,0,0,2,4,1),(144,0,1,5,4,1),(145,1,1,5,4,1),(146,0,1,5,4,1),(147,0,0,0,4,1),(148,0,0,4,5,1),(149,0,0,1,4,1),(150,1,0,2,4,1),(151,1,0,3,5,1),(152,1,0,2,4,1),(153,1,1,5,3,1),(154,0,1,5,4,1),(155,0,1,5,4,1),(156,1,1,4,2,1),(157,0,1,4,2,1),(158,1,0,0,4,1),(159,1,1,4,1,1),(160,0,0,4,5,1),(161,0,0,2,4,1),(162,0,1,4,0,1),(163,1,0,2,4,1),(164,0,0,4,5,1),(165,0,0,1,4,1),(166,0,1,4,2,1),(167,0,0,1,4,1),(168,0,1,4,1,1),(169,1,1,5,3,1),(170,1,1,4,0,1),(171,1,0,2,4,1),(172,1,1,5,3,1);
/*!40000 ALTER TABLE `squad_game_statistics` ENABLE KEYS */;
UNLOCK TABLES;

--
-- Table structure for table `squad_game_statistics_player_game_statistics`
--

DROP TABLE IF EXISTS `squad_game_statistics_player_game_statistics`;
/*!40101 SET @saved_cs_client     = @@character_set_client */;
/*!40101 SET character_set_client = utf8 */;
CREATE TABLE `squad_game_statistics_player_game_statistics` (
  `squad_game_statistics_id` bigint(20) NOT NULL,
  `player_game_statistics_id` bigint(20) NOT NULL,
  PRIMARY KEY (`squad_game_statistics_id`,`player_game_statistics_id`),
  UNIQUE KEY `UK_apvhq58f5wyr4bta63s2gmrkq` (`player_game_statistics_id`),
  CONSTRAINT `FKgd0fms5fh4ibn30l8m50n4f9y` FOREIGN KEY (`squad_game_statistics_id`) REFERENCES `squad_game_statistics` (`id`),
  CONSTRAINT `FKlpvwp2s3rfdt4mohic1hsth8q` FOREIGN KEY (`player_game_statistics_id`) REFERENCES `player_game_statistics` (`id`)
) ENGINE=InnoDB DEFAULT CHARSET=utf8;
/*!40101 SET character_set_client = @saved_cs_client */;

--
-- Dumping data for table `squad_game_statistics_player_game_statistics`
--

LOCK TABLES `squad_game_statistics_player_game_statistics` WRITE;
/*!40000 ALTER TABLE `squad_game_statistics_player_game_statistics` DISABLE KEYS */;
INSERT INTO `squad_game_statistics_player_game_statistics` VALUES (1,1),(1,2),(1,3),(2,4),(2,5),(2,6),(3,7),(3,8),(3,9),(4,10),(4,11),(4,12),(4,13),(5,14),(5,15),(5,16),(6,17),(6,18),(6,19),(7,20),(7,21),(7,22),(8,23),(8,24),(8,25),(9,26),(9,27),(9,28),(10,29),(10,30),(10,31),(11,32),(11,33),(11,34),(12,35),(12,36),(13,37),(13,38),(14,39),(14,40),(14,41),(15,42),(15,43),(15,44),(16,45),(16,46),(16,47),(17,48),(17,49),(17,50),(17,51),(17,52),(18,53),(18,54),(18,55),(18,56),(18,57),(19,58),(19,59),(19,60),(19,61),(19,62),(20,63),(20,64),(20,65),(20,66),(20,67),(21,68),(21,69),(22,70),(22,71),(23,72),(23,73),(23,74),(24,75),(24,76),(24,77),(25,78),(25,79),(25,80),(25,81),(26,82),(26,83),(26,84),(26,85),(26,86),(27,87),(27,88),(27,89),(27,90),(27,91),(28,92),(28,93),(28,94),(28,95),(28,96),(29,97),(29,98),(29,99),(29,100),(29,101),(30,102),(30,103),(30,104),(30,105),(30,106),(31,107),(31,108),(31,109),(31,110),(32,111),(32,112),(32,113),(32,114),(32,115),(33,116),(33,117),(33,118),(33,119),(33,120),(34,121),(34,122),(34,123),(34,124),(34,125),(35,126),(35,127),(35,128),(36,129),(37,130),(38,131),(38,132),(39,133),(39,134),(40,135),(40,136),(41,137),(41,138),(42,139),(42,140),(43,141),(43,142),(44,143),(44,144),(44,145),(44,146),(44,147),(45,148),(45,149),(45,150),(45,151),(45,152),(46,153),(46,154),(46,155),(46,156),(46,157),(47,158),(47,159),(47,160),(47,161),(47,162),(48,163),(48,164),(48,165),(48,166),(48,167),(49,168),(49,169),(49,170),(49,171),(49,172),(50,173),(50,174),(50,175),(50,176),(50,177),(51,178),(51,179),(51,180),(51,181),(51,182),(52,183),(52,184),(52,185),(52,186),(52,187),(53,188),(53,189),(53,190),(53,191),(53,192),(54,193),(54,194),(54,195),(54,196),(54,197),(55,198),(55,199),(55,200),(55,201),(55,202),(56,203),(56,204),(56,205),(56,206),(56,207),(57,208),(57,209),(57,210),(57,211),(57,212),(58,213),(58,214),(58,215),(58,216),(58,217),(59,218),(59,219),(59,220),(59,221),(59,222),(60,223),(60,224),(60,225),(60,226),(60,227),(61,228),(61,229),(61,230),(61,231),(61,232),(62,233),(62,234),(62,235),(62,236),(62,237),(63,238),(63,239),(63,240),(63,241),(63,242),(64,243),(64,244),(64,245),(64,246),(64,247),(65,248),(65,249),(65,250),(66,251),(66,252),(66,253),(67,254),(67,255),(67,256),(68,257),(68,258),(68,259),(69,260),(69,261),(69,262),(70,263),(70,264),(70,265),(71,266),(71,267),(71,268),(71,269),(72,270),(72,271),(72,272),(72,273),(73,274),(73,275),(73,276),(74,277),(74,278),(74,279),(74,280),(75,281),(75,282),(75,283),(75,284),(76,285),(76,286),(76,287),(76,288),(76,289),(77,290),(77,291),(77,292),(77,293),(78,294),(78,295),(78,296),(78,297),(79,298),(79,299),(79,300),(79,301),(80,302),(80,303),(80,304),(80,305),(81,306),(81,307),(81,308),(81,309),(82,310),(82,311),(82,312),(82,313),(83,314),(83,315),(83,316),(83,317),(84,318),(84,319),(84,320),(84,321),(85,322),(85,323),(85,324),(86,325),(86,326),(86,327),(87,328),(87,329),(87,330),(87,331),(88,332),(88,333),(88,334),(88,335),(88,336),(89,337),(89,338),(89,339),(89,340),(89,341),(90,342),(90,343),(90,344),(90,345),(90,346),(91,347),(91,348),(91,349),(91,350),(91,351),(92,352),(92,353),(92,354),(92,355),(93,356),(93,357),(93,358),(93,359),(94,360),(94,361),(95,362),(95,363),(96,364),(96,365),(97,366),(97,367),(98,368),(98,369),(99,370),(99,371),(100,372),(100,373),(101,374),(101,375),(102,376),(102,377),(102,378),(103,379),(103,380),(103,381),(103,382),(103,383),(104,384),(104,385),(104,386),(104,387),(104,388),(105,389),(105,390),(105,391),(106,392),(106,393),(106,394),(107,395),(107,396),(108,397),(108,398),(108,399),(109,400),(109,401),(109,402),(110,403),(110,404),(111,405),(111,406),(112,407),(112,408),(112,409),(112,410),(112,411),(113,412),(113,413),(113,414),(113,415),(113,416),(114,417),(114,418),(114,419),(114,420),(114,421),(115,422),(115,423),(115,424),(115,425),(115,426),(116,427),(116,428),(116,429),(116,430),(116,431),(117,432),(117,433),(117,434),(117,435),(117,436),(118,437),(118,438),(118,439),(119,440),(119,441),(119,442),(120,443),(120,444),(120,445),(121,446),(121,447),(121,448),(121,449),(122,450),(122,451),(122,452),(122,453),(123,454),(123,455),(123,456),(123,457),(124,458),(124,459),(124,460),(124,461),(125,462),(125,463),(125,464),(125,465),(126,466),(126,467),(126,468),(127,469),(127,470),(127,471),(127,472),(128,473),(128,474),(128,475),(128,476),(128,477),(129,478),(129,479),(129,480),(129,481),(129,482),(130,483),(130,484),(130,485),(130,486),(130,487),(131,488),(131,489),(131,490),(131,491),(132,492),(132,493),(132,494),(132,495),(132,496),(133,497),(133,498),(133,499),(133,500),(133,501),(134,502),(134,503),(134,504),(134,505),(134,506),(135,507),(135,508),(135,509),(135,510),(135,511),(136,512),(136,513),(136,514),(136,515),(136,516),(137,517),(137,518),(137,519),(137,520),(138,521),(138,522),(138,523),(138,524),(139,525),(139,526),(139,527),(139,528),(140,529),(140,530),(140,531),(140,532),(141,533),(141,534),(141,535),(141,536),(141,537),(142,538),(142,539),(142,540),(142,541),(142,542),(143,543),(143,544),(143,545),(143,546),(143,547),(144,548),(144,549),(144,550),(144,551),(144,552),(145,553),(145,554),(145,555),(145,556),(145,557),(146,558),(146,559),(146,560),(146,561),(146,562),(147,563),(147,564),(147,565),(147,566),(147,567),(148,568),(148,569),(148,570),(148,571),(148,572),(149,573),(149,574),(149,575),(149,576),(150,577),(150,578),(150,579),(150,580),(150,581),(151,582),(151,583),(151,584),(151,585),(151,586),(152,587),(152,588),(152,589),(152,590),(152,591),(153,592),(153,593),(153,594),(153,595),(154,596),(154,597),(154,598),(154,599),(155,600),(155,601),(155,602),(155,603),(155,604),(156,605),(156,606),(156,607),(156,608),(156,609),(157,610),(157,611),(157,612),(157,613),(158,614),(158,615),(158,616),(158,617),(159,618),(159,619),(159,620),(159,621),(160,622),(160,623),(160,624),(160,625),(161,626),(161,627),(161,628),(161,629),(162,630),(162,631),(162,632),(162,633),(162,634),(163,635),(163,636),(163,637),(163,638),(163,639),(164,640),(164,641),(164,642),(164,643),(164,644),(165,645),(165,646),(165,647),(165,648),(165,649),(166,650),(166,651),(166,652),(166,653),(166,654),(167,655),(167,656),(167,657),(167,658),(167,659),(168,660),(168,661),(168,662),(168,663),(168,664),(169,665),(169,666),(169,667),(169,668),(169,669),(170,670),(170,671),(170,672),(170,673),(170,674),(171,675),(171,676),(171,677),(171,678),(171,679),(172,680),(172,681),(172,682),(172,683),(172,684);
/*!40000 ALTER TABLE `squad_game_statistics_player_game_statistics` ENABLE KEYS */;
UNLOCK TABLES;

--
-- Table structure for table `squad_players`
--

DROP TABLE IF EXISTS `squad_players`;
/*!40101 SET @saved_cs_client     = @@character_set_client */;
/*!40101 SET character_set_client = utf8 */;
CREATE TABLE `squad_players` (
  `squad_id` bigint(20) NOT NULL,
  `players_id` bigint(20) NOT NULL,
  PRIMARY KEY (`squad_id`,`players_id`),
  UNIQUE KEY `UK_prgq5s8rwmvd73sx0b4ocyix5` (`players_id`),
  CONSTRAINT `FK1y43d1pgos0t2mf0hphlo1404` FOREIGN KEY (`squad_id`) REFERENCES `squad` (`id`),
  CONSTRAINT `FKjs39j5e417xkedrybuv2d9fd4` FOREIGN KEY (`players_id`) REFERENCES `player` (`id`)
) ENGINE=InnoDB DEFAULT CHARSET=utf8;
/*!40101 SET character_set_client = @saved_cs_client */;

--
-- Dumping data for table `squad_players`
--

LOCK TABLES `squad_players` WRITE;
/*!40000 ALTER TABLE `squad_players` DISABLE KEYS */;
INSERT INTO `squad_players` VALUES (1,1),(1,2),(1,3),(1,4),(1,5);
/*!40000 ALTER TABLE `squad_players` ENABLE KEYS */;
UNLOCK TABLES;

--
-- Table structure for table `squad_season_statistics`
--

DROP TABLE IF EXISTS `squad_season_statistics`;
/*!40101 SET @saved_cs_client     = @@character_set_client */;
/*!40101 SET character_set_client = utf8 */;
CREATE TABLE `squad_season_statistics` (
  `id` bigint(20) NOT NULL AUTO_INCREMENT,
  `losses` int(11) DEFAULT NULL,
  `wins` int(11) DEFAULT NULL,
  `season_id` bigint(20) DEFAULT NULL,
  `rounds_won` int(11) DEFAULT NULL,
  `rounds_lost` int(11) DEFAULT NULL,
  PRIMARY KEY (`id`),
  KEY `FKosoqrnapxt3ewj2sdpwus74lw` (`season_id`),
  CONSTRAINT `FKosoqrnapxt3ewj2sdpwus74lw` FOREIGN KEY (`season_id`) REFERENCES `season` (`id`)
) ENGINE=InnoDB AUTO_INCREMENT=2 DEFAULT CHARSET=utf8;
/*!40101 SET character_set_client = @saved_cs_client */;

--
-- Dumping data for table `squad_season_statistics`
--

LOCK TABLES `squad_season_statistics` WRITE;
/*!40000 ALTER TABLE `squad_season_statistics` DISABLE KEYS */;
INSERT INTO `squad_season_statistics` VALUES (1,100,118,17,559,499);
/*!40000 ALTER TABLE `squad_season_statistics` ENABLE KEYS */;
UNLOCK TABLES;

--
-- Table structure for table `squad_squad_seasons`
--

DROP TABLE IF EXISTS `squad_squad_seasons`;
/*!40101 SET @saved_cs_client     = @@character_set_client */;
/*!40101 SET character_set_client = utf8 */;
CREATE TABLE `squad_squad_seasons` (
  `squad_id` bigint(20) NOT NULL,
  `squad_seasons_id` bigint(20) NOT NULL,
  PRIMARY KEY (`squad_id`,`squad_seasons_id`),
  UNIQUE KEY `UK_40a46tcwbf7p3b8mml07kwv1y` (`squad_seasons_id`),
  CONSTRAINT `FK8ke1htngbv5ubci3evukmqly2` FOREIGN KEY (`squad_id`) REFERENCES `squad` (`id`),
  CONSTRAINT `FKjykfgl8vcpmdb58hmlnbp7htx` FOREIGN KEY (`squad_seasons_id`) REFERENCES `squad_season_statistics` (`id`)
) ENGINE=InnoDB DEFAULT CHARSET=utf8;
/*!40101 SET character_set_client = @saved_cs_client */;

--
-- Dumping data for table `squad_squad_seasons`
--

LOCK TABLES `squad_squad_seasons` WRITE;
/*!40000 ALTER TABLE `squad_squad_seasons` DISABLE KEYS */;
INSERT INTO `squad_squad_seasons` VALUES (1,1);
/*!40000 ALTER TABLE `squad_squad_seasons` ENABLE KEYS */;
UNLOCK TABLES;

--
-- Dumping events for database 'overwatch-api'
--

--
-- Dumping routines for database 'overwatch-api'
--
/*!40103 SET TIME_ZONE=@OLD_TIME_ZONE */;

/*!40101 SET SQL_MODE=@OLD_SQL_MODE */;
/*!40014 SET FOREIGN_KEY_CHECKS=@OLD_FOREIGN_KEY_CHECKS */;
/*!40014 SET UNIQUE_CHECKS=@OLD_UNIQUE_CHECKS */;
/*!40101 SET CHARACTER_SET_CLIENT=@OLD_CHARACTER_SET_CLIENT */;
/*!40101 SET CHARACTER_SET_RESULTS=@OLD_CHARACTER_SET_RESULTS */;
/*!40101 SET COLLATION_CONNECTION=@OLD_COLLATION_CONNECTION */;
/*!40111 SET SQL_NOTES=@OLD_SQL_NOTES */;

-- Dump completed on 2020-05-30 18:24:05
