-- MySQL dump 10.17  Distrib 10.3.14-MariaDB, for Win64 (AMD64)
--
-- Host: localhost    Database: overwatch-api
-- ------------------------------------------------------
-- Server version	10.3.14-MariaDB

/*!40101 SET @OLD_CHARACTER_SET_CLIENT=@@CHARACTER_SET_CLIENT */;
/*!40101 SET @OLD_CHARACTER_SET_RESULTS=@@CHARACTER_SET_RESULTS */;
/*!40101 SET @OLD_COLLATION_CONNECTION=@@COLLATION_CONNECTION */;
/*!40101 SET NAMES utf8 */;
/*!40103 SET @OLD_TIME_ZONE=@@TIME_ZONE */;
/*!40103 SET TIME_ZONE='+00:00' */;
/*!40014 SET @OLD_UNIQUE_CHECKS=@@UNIQUE_CHECKS, UNIQUE_CHECKS=0 */;
/*!40014 SET @OLD_FOREIGN_KEY_CHECKS=@@FOREIGN_KEY_CHECKS, FOREIGN_KEY_CHECKS=0 */;
/*!40101 SET @OLD_SQL_MODE=@@SQL_MODE, SQL_MODE='NO_AUTO_VALUE_ON_ZERO' */;
/*!40111 SET @OLD_SQL_NOTES=@@SQL_NOTES, SQL_NOTES=0 */;

--
-- Table structure for table `game`
--

DROP TABLE IF EXISTS `game`;
/*!40101 SET @saved_cs_client     = @@character_set_client */;
/*!40101 SET character_set_client = utf8 */;
CREATE TABLE `game` (
  `id` bigint(20) NOT NULL AUTO_INCREMENT,
  `game_date_time` datetime(6) DEFAULT NULL,
  `game_map_id` bigint(20) DEFAULT NULL,
  `season_id` bigint(20) DEFAULT NULL,
  `squad_statistics_id` bigint(20) DEFAULT NULL,
  PRIMARY KEY (`id`),
  UNIQUE KEY `UK_covnrmc0slqgsuu2nbxsg6i65` (`game_date_time`),
  KEY `FKtm3yob1cme2nhphpeyylmpvex` (`game_map_id`),
  KEY `FK3xfbgv78vv6qrx7or7wnamon` (`season_id`),
  KEY `FKe0s3f8iib0k9xyw8hoa9l7w40` (`squad_statistics_id`),
  CONSTRAINT `FK3xfbgv78vv6qrx7or7wnamon` FOREIGN KEY (`season_id`) REFERENCES `season` (`id`),
  CONSTRAINT `FKe0s3f8iib0k9xyw8hoa9l7w40` FOREIGN KEY (`squad_statistics_id`) REFERENCES `squad_game_statistics` (`id`),
  CONSTRAINT `FKtm3yob1cme2nhphpeyylmpvex` FOREIGN KEY (`game_map_id`) REFERENCES `map` (`id`)
) ENGINE=InnoDB AUTO_INCREMENT=287 DEFAULT CHARSET=utf8;
/*!40101 SET character_set_client = @saved_cs_client */;

--
-- Dumping data for table `game`
--

LOCK TABLES `game` WRITE;
/*!40000 ALTER TABLE `game` DISABLE KEYS */;
INSERT INTO `game` VALUES (1,'2020-04-03 21:00:00.000000',3,17,1),(2,'2020-04-03 21:30:00.000000',12,17,2),(3,'2020-04-03 22:00:00.000000',17,17,3),(4,'2020-04-03 22:30:00.000000',4,17,4),(5,'2020-04-04 21:00:00.000000',17,17,5),(6,'2020-04-04 21:30:00.000000',17,17,6),(7,'2020-04-04 22:00:00.000000',11,17,7),(8,'2020-04-04 22:30:00.000000',1,17,8),(9,'2020-04-05 21:00:00.000000',4,17,9),(10,'2020-04-05 21:30:00.000000',2,17,10),(11,'2020-04-05 22:00:00.000000',19,17,11),(12,'2020-04-07 21:00:00.000000',3,17,12),(13,'2020-04-07 21:30:00.000000',2,17,13),(14,'2020-04-07 22:00:00.000000',3,17,14),(15,'2020-04-07 22:30:00.000000',4,17,15),(16,'2020-04-07 23:00:00.000000',4,17,16),(17,'2020-04-07 23:30:00.000000',3,17,17),(18,'2020-04-08 21:00:00.000000',17,17,18),(19,'2020-04-08 21:30:00.000000',4,17,19),(20,'2020-04-08 22:00:00.000000',5,17,20),(21,'2020-04-09 21:00:00.000000',14,17,21),(22,'2020-04-09 21:30:00.000000',2,17,22),(23,'2020-04-09 22:00:00.000000',1,17,23),(24,'2020-04-09 22:30:00.000000',3,17,24),(25,'2020-04-10 21:00:00.000000',17,17,25),(26,'2020-04-10 21:30:00.000000',17,17,26),(27,'2020-04-10 22:00:00.000000',14,17,27),(28,'2020-04-10 22:30:00.000000',2,17,28),(29,'2020-04-10 23:00:00.000000',5,17,29),(30,'2020-04-11 21:00:00.000000',17,17,30),(31,'2020-04-11 21:30:00.000000',19,17,31),(32,'2020-04-11 22:00:00.000000',19,17,32),(33,'2020-04-11 22:30:00.000000',2,17,33),(34,'2020-04-12 21:00:00.000000',1,17,34),(35,'2020-04-12 21:30:00.000000',2,17,35),(36,'2020-04-13 21:00:00.000000',17,17,36),(37,'2020-04-13 21:30:00.000000',2,17,37),(38,'2020-04-13 22:00:00.000000',14,17,38),(39,'2020-04-13 22:30:00.000000',1,17,39),(40,'2020-04-14 00:00:00.000000',17,17,40),(41,'2020-04-14 22:30:00.000000',12,17,41),(42,'2020-04-14 23:00:00.000000',4,17,42),(43,'2020-04-15 00:00:00.000000',11,17,43),(44,'2020-04-15 21:00:00.000000',17,17,44),(45,'2020-04-15 21:30:00.000000',2,17,45),(46,'2020-04-15 22:00:00.000000',11,17,46),(47,'2020-04-15 22:30:00.000000',14,17,47),(48,'2020-04-16 21:00:00.000000',12,17,48),(49,'2020-04-17 21:00:00.000000',14,17,49),(50,'2020-04-17 21:30:00.000000',11,17,50),(51,'2020-04-17 22:00:00.000000',3,17,51),(52,'2020-04-17 22:30:00.000000',3,17,52),(54,'2020-04-17 23:00:00.000000',3,17,54),(56,'2020-04-17 23:30:00.000000',13,17,56),(57,'2020-04-18 20:00:00.000000',13,17,57),(58,'2020-04-18 20:30:00.000000',12,17,58),(59,'2020-04-18 21:00:00.000000',17,17,59),(60,'2020-04-18 21:30:00.000000',13,17,60),(61,'2020-04-18 22:00:00.000000',2,17,61),(62,'2020-04-18 22:30:00.000000',11,17,62),(63,'2020-04-18 23:00:00.000000',12,17,63),(64,'2020-04-18 23:30:00.000000',13,17,64),(65,'2020-04-19 21:00:00.000000',3,17,65),(66,'2020-04-19 21:30:00.000000',4,17,66),(67,'2020-04-19 22:00:00.000000',5,17,67),(68,'2020-04-19 22:30:00.000000',19,17,68),(69,'2020-04-19 23:00:00.000000',1,17,69),(70,'2020-04-19 23:30:00.000000',12,17,70),(71,'2020-04-21 21:00:00.000000',13,17,71),(72,'2020-04-21 21:30:00.000000',5,17,72),(73,'2020-04-21 22:00:00.000000',13,17,73),(74,'2020-04-23 21:00:00.000000',2,17,74),(75,'2020-04-23 21:30:00.000000',17,17,75),(76,'2020-04-23 22:00:00.000000',6,17,76),(77,'2020-04-25 19:00:00.000000',5,17,77),(78,'2020-04-25 19:30:00.000000',19,17,78),(79,'2020-04-25 20:00:00.000000',2,17,79),(80,'2020-04-25 20:30:00.000000',17,17,80),(81,'2020-04-25 21:00:00.000000',4,17,81),(82,'2020-04-25 21:30:00.000000',11,17,82),(83,'2020-04-25 22:00:00.000000',14,17,83),(84,'2020-04-25 22:30:00.000000',1,17,84),(85,'2020-04-25 23:00:00.000000',19,17,85),(86,'2020-04-28 21:00:00.000000',3,17,86),(87,'2020-04-28 21:30:00.000000',2,17,87),(88,'2020-04-28 22:00:00.000000',5,17,88),(89,'2020-04-28 22:30:00.000000',13,17,89),(90,'2020-04-28 23:00:00.000000',4,17,90),(91,'2020-04-28 23:30:00.000000',17,17,91),(92,'2020-04-29 21:00:00.000000',11,17,92),(93,'2020-04-29 21:30:00.000000',5,17,93),(94,'2020-04-30 21:00:00.000000',5,17,94),(95,'2020-04-30 21:30:00.000000',12,17,95),(96,'2020-04-30 22:00:00.000000',19,17,96),(97,'2020-05-01 21:00:00.000000',14,17,97),(98,'2020-05-02 21:00:00.000000',17,17,98),(99,'2020-05-02 21:30:00.000000',3,17,99),(100,'2020-05-02 22:00:00.000000',4,17,100),(101,'2020-05-03 21:00:00.000000',1,17,101),(102,'2020-05-03 21:30:00.000000',3,17,102),(103,'2020-05-03 22:00:00.000000',6,17,103),(104,'2020-05-05 21:00:00.000000',12,17,104),(105,'2020-05-05 21:30:00.000000',5,17,105),(106,'2020-05-07 21:00:00.000000',14,17,106),(107,'2020-05-08 21:00:00.000000',19,17,107),(108,'2020-05-08 21:30:00.000000',4,17,108),(109,'2020-05-08 22:00:00.000000',17,17,109),(110,'2020-05-08 22:30:00.000000',11,17,110),(111,'2020-05-08 23:00:00.000000',12,17,111),(112,'2020-05-09 21:00:00.000000',1,17,112),(113,'2020-05-09 21:30:00.000000',3,17,113),(114,'2020-05-09 22:00:00.000000',14,17,114),(115,'2020-05-09 22:30:00.000000',19,17,115),(116,'2020-05-09 23:00:00.000000',17,17,116),(117,'2020-05-09 23:30:00.000000',11,17,117),(118,'2020-05-10 20:00:00.000000',17,17,118),(119,'2020-05-10 20:30:00.000000',13,17,119),(120,'2020-05-10 21:00:00.000000',4,17,120),(121,'2020-05-10 21:30:00.000000',12,17,121),(122,'2020-05-10 22:00:00.000000',5,17,122),(123,'2020-05-10 22:30:00.000000',2,17,123),(124,'2020-05-10 23:00:00.000000',6,17,124),(125,'2020-05-11 21:00:00.000000',3,17,125),(126,'2020-05-11 21:30:00.000000',4,17,126),(127,'2020-05-12 21:00:00.000000',14,17,127),(128,'2020-05-12 21:30:00.000000',1,17,128),(129,'2020-05-12 22:00:00.000000',11,17,129),(130,'2020-05-12 22:30:00.000000',19,17,130),(131,'2020-05-13 21:00:00.000000',17,17,131),(132,'2020-05-14 21:00:00.000000',2,17,132),(133,'2020-05-14 21:30:00.000000',14,17,133),(134,'2020-05-14 22:00:00.000000',12,17,134),(135,'2020-05-14 22:30:00.000000',13,17,135),(136,'2020-05-14 23:00:00.000000',5,17,136),(137,'2020-05-15 21:00:00.000000',4,17,137),(138,'2020-05-15 21:30:00.000000',6,17,138),(139,'2020-05-15 22:00:00.000000',3,17,139),(140,'2020-05-15 22:30:00.000000',19,17,140),(141,'2020-05-17 21:00:00.000000',1,17,141),(142,'2020-05-17 21:30:00.000000',11,17,142),(143,'2020-05-17 22:00:00.000000',14,17,143),(144,'2020-05-17 22:30:00.000000',17,17,144),(145,'2020-05-19 21:00:00.000000',12,17,145),(146,'2020-05-19 21:30:00.000000',2,17,146),(147,'2020-05-19 22:00:00.000000',3,17,147),(148,'2020-05-19 22:30:00.000000',6,17,148),(149,'2020-05-19 23:00:00.000000',4,17,149),(150,'2020-05-21 21:00:00.000000',11,17,150),(151,'2020-05-21 21:30:00.000000',1,17,151),(152,'2020-05-21 22:00:00.000000',12,17,152),(153,'2020-05-22 21:00:00.000000',1,17,153),(154,'2020-05-23 21:00:00.000000',13,17,154),(155,'2020-05-23 21:30:00.000000',17,17,155),(156,'2020-05-25 21:00:00.000000',5,17,156),(157,'2020-05-25 21:30:00.000000',14,17,157),(158,'2020-05-25 22:00:00.000000',12,17,158),(159,'2020-05-26 21:00:00.000000',11,17,159),(160,'2020-05-26 21:30:00.000000',4,17,160),(161,'2020-05-26 22:00:00.000000',5,17,161),(162,'2020-05-26 22:30:00.000000',1,17,162),(163,'2020-05-27 21:00:00.000000',2,17,163),(164,'2020-05-27 21:30:00.000000',19,17,164),(165,'2020-05-27 22:00:00.000000',14,17,165),(166,'2020-05-28 21:00:00.000000',12,17,166),(167,'2020-05-28 21:30:00.000000',13,17,167),(168,'2020-05-29 21:00:00.000000',17,17,168),(169,'2020-05-29 21:30:00.000000',11,17,169),(170,'2020-05-29 22:00:00.000000',3,17,170),(171,'2020-05-29 22:30:00.000000',2,17,171),(172,'2020-05-29 23:00:00.000000',4,17,172),(173,'2020-05-30 21:00:00.000000',5,17,173),(174,'2020-05-30 21:30:00.000000',1,17,174),(175,'2020-05-30 22:00:00.000000',19,17,175),(176,'2020-06-02 21:00:00.000000',14,17,176),(177,'2020-06-02 21:30:00.000000',6,17,177),(178,'2020-06-06 21:00:00.000000',3,17,178),(179,'2020-06-06 21:30:00.000000',5,17,179),(180,'2020-06-06 22:00:00.000000',19,17,180),(181,'2020-06-07 21:00:00.000000',17,17,181),(182,'2020-06-07 21:30:00.000000',6,17,182),(183,'2020-06-08 21:00:00.000000',13,17,183),(184,'2020-06-08 21:30:00.000000',4,17,184),(185,'2020-06-08 22:00:00.000000',1,17,185),(186,'2020-06-08 22:30:00.000000',6,17,186),(187,'2020-06-10 21:00:00.000000',12,17,187),(188,'2020-06-10 21:30:00.000000',13,17,188),(189,'2020-06-10 22:00:00.000000',11,17,189),(190,'2020-06-11 21:00:00.000000',14,17,190),(191,'2020-06-11 21:30:00.000000',6,17,191),(192,'2020-06-12 21:00:00.000000',5,17,192),(193,'2020-06-13 21:00:00.000000',3,17,193),(194,'2020-06-13 21:30:00.000000',6,17,194),(195,'2020-06-13 22:00:00.000000',2,17,195),(196,'2020-06-13 22:30:00.000000',4,17,196),(197,'2020-06-13 23:00:00.000000',3,17,197),(198,'2020-06-14 21:00:00.000000',17,17,198),(199,'2020-06-14 21:30:00.000000',1,17,199),(200,'2020-06-14 22:00:00.000000',2,17,200),(201,'2020-06-14 22:30:00.000000',6,17,201),(202,'2020-06-14 23:00:00.000000',14,17,202),(203,'2020-06-14 23:30:00.000000',3,17,203),(204,'2020-06-18 23:07:00.000000',12,21,204),(205,'2020-06-21 22:30:00.000000',6,21,205),(206,'2020-06-21 23:10:00.000000',17,21,206),(207,'2020-06-22 22:39:00.000000',2,21,207),(208,'2020-06-22 23:10:00.000000',14,21,208),(209,'2020-06-22 23:52:00.000000',4,21,209),(210,'2020-06-24 21:00:00.000000',11,21,210),(211,'2020-06-27 21:00:00.000000',3,21,211),(212,'2020-06-28 21:00:00.000000',13,21,212),(213,'2020-06-28 21:30:00.000000',5,21,213),(214,'2020-06-28 22:00:00.000000',17,21,214),(215,'2020-06-28 22:30:00.000000',2,21,215),(216,'2020-06-28 23:00:00.000000',12,21,216),(217,'2020-06-28 23:30:00.000000',14,21,217),(218,'2020-06-29 21:00:00.000000',11,21,218),(219,'2020-06-29 21:30:00.000000',4,21,219),(220,'2020-06-30 21:00:00.000000',1,21,220),(221,'2020-06-30 21:30:00.000000',3,21,221),(222,'2020-06-30 22:00:00.000000',13,21,222),(223,'2020-06-30 22:30:00.000000',12,21,223),(224,'2020-07-01 21:00:00.000000',19,21,224),(225,'2020-07-01 21:30:00.000000',2,21,225),(226,'2020-07-01 22:00:00.000000',14,21,226),(227,'2020-07-01 22:30:00.000000',1,21,227),(228,'2020-07-02 21:00:00.000000',3,21,228),(229,'2020-07-05 21:00:00.000000',3,21,229),(230,'2020-07-06 21:00:00.000000',6,21,230),(231,'2020-07-06 21:30:00.000000',12,21,231),(232,'2020-07-07 21:00:00.000000',19,21,232),(233,'2020-07-07 21:30:00.000000',14,21,233),(234,'2020-07-08 21:00:00.000000',4,21,234),(235,'2020-07-11 16:00:00.000000',1,21,235),(236,'2020-07-11 16:30:00.000000',12,21,236),(237,'2020-07-11 20:30:00.000000',5,21,237),(238,'2020-07-11 21:00:00.000000',11,21,238),(239,'2020-07-11 21:30:00.000000',2,21,239),(240,'2020-07-11 22:00:00.000000',13,21,240),(241,'2020-07-11 22:30:00.000000',17,21,241),(242,'2020-07-11 23:00:00.000000',12,21,242),(243,'2020-07-11 23:30:00.000000',1,21,243),(244,'2020-07-12 21:00:00.000000',1,21,244),(245,'2020-07-12 21:30:00.000000',5,21,245),(246,'2020-07-13 21:00:00.000000',14,21,246),(247,'2020-07-13 21:30:00.000000',1,21,247),(248,'2020-07-13 22:00:00.000000',14,21,248),(249,'2020-07-13 22:30:00.000000',3,21,249),(250,'2020-07-14 20:30:00.000000',19,21,250),(251,'2020-07-14 21:00:00.000000',5,21,251),(252,'2020-07-14 21:30:00.000000',17,21,252),(253,'2020-07-14 22:00:00.000000',1,21,253),(254,'2020-07-14 22:30:00.000000',4,21,254),(255,'2020-07-14 23:00:00.000000',11,21,255),(256,'2020-07-19 20:30:00.000000',14,21,256),(257,'2020-07-19 21:00:00.000000',13,21,257),(258,'2020-07-19 21:30:00.000000',2,21,258),(259,'2020-07-19 22:00:00.000000',6,21,259),(260,'2020-07-19 22:30:00.000000',12,21,260),(261,'2020-07-19 23:00:00.000000',5,21,261),(262,'2020-07-20 20:30:00.000000',11,21,262),(263,'2020-07-20 21:00:00.000000',17,21,263),(264,'2020-07-21 21:30:00.000000',1,21,264),(265,'2020-07-21 22:00:00.000000',5,21,265),(266,'2020-07-21 22:30:00.000000',19,21,266),(267,'2020-07-25 20:30:00.000000',14,21,267),(268,'2020-07-25 21:00:00.000000',2,21,268),(269,'2020-07-27 21:30:00.000000',5,21,269),(270,'2020-07-27 22:00:00.000000',4,21,270),(271,'2020-07-27 22:30:00.000000',3,21,271),(272,'2020-07-30 20:30:00.000000',4,21,272),(273,'2020-07-30 21:00:00.000000',11,21,273),(274,'2020-07-30 21:30:00.000000',1,21,274),(275,'2020-08-02 22:00:00.000000',1,21,275),(276,'2020-08-02 22:30:00.000000',12,21,276),(277,'2020-08-02 23:00:00.000000',13,21,277),(278,'2020-08-02 23:30:00.000000',2,21,278),(279,'2020-08-03 20:30:00.000000',1,21,279),(280,'2020-08-06 21:00:00.000000',14,21,280),(281,'2020-08-06 21:30:00.000000',5,21,281),(282,'2020-08-10 20:30:00.000000',17,21,282),(283,'2020-08-10 21:00:00.000000',19,21,283),(284,'2020-08-10 21:30:00.000000',12,21,284),(285,'2020-08-10 22:00:00.000000',13,21,285),(286,'2020-08-13 22:30:00.000000',4,21,286);
/*!40000 ALTER TABLE `game` ENABLE KEYS */;
UNLOCK TABLES;

--
-- Table structure for table `map`
--

DROP TABLE IF EXISTS `map`;
/*!40101 SET @saved_cs_client     = @@character_set_client */;
/*!40101 SET character_set_client = utf8 */;
CREATE TABLE `map` (
  `id` bigint(20) NOT NULL AUTO_INCREMENT,
  `name` varchar(255) DEFAULT NULL,
  PRIMARY KEY (`id`),
  UNIQUE KEY `UK_dxgmhq3d88uiy93xjekqnwck5` (`name`)
) ENGINE=InnoDB AUTO_INCREMENT=21 DEFAULT CHARSET=utf8;
/*!40101 SET character_set_client = @saved_cs_client */;

--
-- Dumping data for table `map`
--

LOCK TABLES `map` WRITE;
/*!40000 ALTER TABLE `map` DISABLE KEYS */;
INSERT INTO `map` VALUES (1,'Bank'),(2,'Border'),(3,'Chalet'),(4,'Club House'),(5,'Coastline'),(6,'Consulate'),(7,'Favela'),(8,'Fortress'),(9,'Hereford Base'),(10,'House'),(11,'Kafe Dostoyevsky'),(12,'Kanal'),(13,'Oregon'),(14,'Outback'),(15,'Presidential Plane'),(16,'Skyscraper'),(17,'Theme Park'),(18,'Tower'),(19,'Villa'),(20,'Yacht');
/*!40000 ALTER TABLE `map` ENABLE KEYS */;
UNLOCK TABLES;

--
-- Table structure for table `player`
--

DROP TABLE IF EXISTS `player`;
/*!40101 SET @saved_cs_client     = @@character_set_client */;
/*!40101 SET character_set_client = utf8 */;
CREATE TABLE `player` (
  `id` bigint(20) NOT NULL AUTO_INCREMENT,
  `alias` varchar(255) DEFAULT NULL,
  `name` varchar(255) DEFAULT NULL,
  `role` int(11) DEFAULT NULL,
  PRIMARY KEY (`id`)
) ENGINE=InnoDB AUTO_INCREMENT=6 DEFAULT CHARSET=utf8;
/*!40101 SET character_set_client = @saved_cs_client */;

--
-- Dumping data for table `player`
--

LOCK TABLES `player` WRITE;
/*!40000 ALTER TABLE `player` DISABLE KEYS */;
INSERT INTO `player` VALUES (1,'xxPlazmaBurstxx','Stephen Prizio',2),(2,'KushMonster55','Paolo Drago',2),(3,'Odysseus155','Alessandro Drago',3),(4,'BrutalKilla47','Vince Morello',1),(5,'XMonsterAntX','Anthony Frenza',3);
/*!40000 ALTER TABLE `player` ENABLE KEYS */;
UNLOCK TABLES;

--
-- Table structure for table `player_game_statistics`
--

DROP TABLE IF EXISTS `player_game_statistics`;
/*!40101 SET @saved_cs_client     = @@character_set_client */;
/*!40101 SET character_set_client = utf8 */;
CREATE TABLE `player_game_statistics` (
  `id` bigint(20) NOT NULL AUTO_INCREMENT,
  `assists` int(11) DEFAULT NULL,
  `deaths` int(11) DEFAULT NULL,
  `kills` int(11) DEFAULT NULL,
  `score` int(11) DEFAULT NULL,
  `player_id` bigint(20) DEFAULT NULL,
  PRIMARY KEY (`id`),
  KEY `FKkow2n7ldx2l7ng3q3nw3w8b3t` (`player_id`),
  CONSTRAINT `FKkow2n7ldx2l7ng3q3nw3w8b3t` FOREIGN KEY (`player_id`) REFERENCES `player` (`id`)
) ENGINE=InnoDB AUTO_INCREMENT=1111 DEFAULT CHARSET=utf8;
/*!40101 SET character_set_client = @saved_cs_client */;

--
-- Dumping data for table `player_game_statistics`
--

LOCK TABLES `player_game_statistics` WRITE;
/*!40000 ALTER TABLE `player_game_statistics` DISABLE KEYS */;
INSERT INTO `player_game_statistics` VALUES (1,0,1,10,6802,1),(2,3,3,2,5730,4),(3,1,1,4,5821,2),(4,1,4,1,1320,2),(5,0,4,2,1203,1),(6,1,4,2,1290,4),(7,0,2,3,5550,2),(8,1,1,6,6127,1),(9,0,0,6,6172,4),(10,2,7,8,3480,2),(11,4,7,2,2767,3),(12,1,6,13,3921,1),(13,1,7,2,2281,4),(14,0,4,8,6481,2),(15,0,3,5,5580,1),(16,0,4,2,4830,4),(17,1,4,5,5574,2),(18,5,3,1,5407,1),(19,0,1,10,6517,4),(20,2,3,8,6525,2),(21,0,4,1,4980,1),(22,0,3,7,6060,4),(23,4,7,3,3180,1),(24,1,5,7,3787,2),(25,2,7,4,3052,4),(26,0,5,3,6180,4),(27,7,6,4,7080,2),(28,1,3,13,7804,1),(29,5,7,5,3960,4),(30,3,5,7,3667,1),(31,2,5,5,3450,2),(32,2,8,3,3285,2),(33,5,7,5,3435,1),(34,2,7,2,2745,4),(35,1,3,4,5715,1),(36,2,5,3,5925,4),(37,0,5,4,1287,1),(38,0,4,6,1720,4),(39,3,1,9,6727,1),(40,2,1,4,5670,2),(41,3,3,2,5670,4),(42,0,4,3,3245,4),(43,2,1,3,3845,2),(44,0,2,6,3682,1),(45,0,2,3,3502,4),(46,0,2,4,3563,1),(47,4,2,5,4060,2),(48,2,4,4,1562,3),(49,1,5,3,1095,5),(50,0,5,1,1230,4),(51,1,5,0,1195,2),(52,0,4,2,1477,1),(53,0,5,4,1470,1),(54,1,5,3,1340,4),(55,1,4,1,980,5),(56,1,4,2,960,3),(57,1,4,3,1085,2),(58,1,4,3,983,1),(59,1,8,2,5520,3),(60,1,5,3,970,2),(61,2,4,3,1175,4),(62,6,6,2,6375,5),(63,1,4,4,1410,3),(64,4,6,7,6954,4),(65,3,2,10,7230,1),(66,3,7,13,8167,2),(67,2,3,4,1560,5),(68,2,4,3,1290,2),(69,0,4,2,1095,1),(70,2,6,7,2060,4),(71,3,6,6,2025,1),(72,1,5,6,1590,2),(73,1,5,2,1200,1),(74,0,5,1,1075,4),(75,0,5,7,4330,4),(76,6,4,6,5135,2),(77,5,5,5,4567,1),(78,0,4,9,1830,1),(79,2,5,6,3950,5),(80,2,4,3,3630,3),(81,4,5,1,1495,4),(82,4,4,5,4100,4),(83,3,3,2,3785,5),(84,2,4,7,4235,2),(85,2,5,5,3775,1),(86,1,4,3,3715,3),(87,3,8,2,1744,3),(88,2,3,5,4260,4),(89,0,5,3,3825,1),(90,1,3,10,4395,2),(91,4,8,3,1880,5),(92,2,6,8,4565,3),(93,2,7,9,2615,4),(94,2,6,8,2180,2),(95,3,5,8,4421,5),(96,0,6,6,1970,1),(97,0,3,3,1035,5),(98,1,6,5,3818,4),(99,2,4,3,1205,3),(100,3,7,6,4385,2),(101,2,5,7,4380,1),(102,0,5,2,927,4),(103,0,5,4,1350,1),(104,3,4,2,4010,3),(105,1,4,3,3825,5),(106,0,4,4,1210,2),(107,4,5,3,4430,2),(108,1,3,7,4525,1),(109,2,6,5,2065,3),(110,1,4,8,2600,5),(111,2,5,3,4065,3),(112,4,6,2,1915,4),(113,2,7,5,2225,2),(114,1,6,4,1645,1),(115,4,4,6,4100,5),(116,1,5,5,3725,4),(117,3,2,1,3920,5),(118,1,4,2,3710,3),(119,2,3,6,3875,1),(120,4,5,5,4110,2),(121,1,4,0,1245,3),(122,1,2,4,3860,4),(123,0,2,6,4145,2),(124,1,4,2,3710,1),(125,0,4,3,1395,5),(126,1,4,3,1635,2),(127,1,4,3,1567,1),(128,1,4,1,1207,4),(129,0,4,5,1455,1),(130,0,4,2,1395,1),(131,5,4,4,4485,2),(132,1,4,5,4295,1),(133,2,4,2,1055,1),(134,2,5,4,1532,2),(135,2,2,4,3695,1),(136,0,3,9,4550,2),(137,2,5,3,1120,1),(138,0,5,2,1065,2),(139,0,3,10,2101,1),(140,1,5,4,1400,2),(141,1,6,6,3250,2),(142,1,6,11,3705,1),(143,3,4,1,3685,4),(144,1,1,5,4205,3),(145,3,2,4,3910,1),(146,1,2,4,3915,2),(147,2,0,2,3575,5),(148,1,6,3,2205,3),(149,5,5,5,2567,5),(150,1,6,6,2100,1),(151,4,5,4,2450,2),(152,2,7,8,2460,4),(153,3,7,3,4285,5),(154,5,7,9,5325,2),(155,3,8,8,4730,1),(156,2,4,11,4875,3),(157,4,9,7,4535,4),(158,3,5,6,4485,5),(159,5,6,7,4650,2),(160,3,4,9,4720,1),(161,2,6,5,4630,3),(162,7,7,7,4830,4),(163,2,5,3,3620,4),(164,0,4,0,3730,5),(165,0,3,4,3725,3),(166,0,4,4,3620,1),(167,1,4,5,3782,2),(168,2,3,6,4136,3),(169,2,4,4,3975,1),(170,2,3,9,4491,2),(171,1,5,2,3590,4),(172,0,4,4,3600,5),(173,2,5,6,2112,2),(174,1,5,5,1605,4),(175,3,5,2,1390,3),(176,1,5,5,1570,1),(177,4,5,3,1935,5),(178,0,2,5,3680,2),(179,2,1,5,4130,3),(180,2,2,10,4390,1),(181,1,3,0,3088,5),(182,3,2,3,3790,4),(183,1,2,5,3785,1),(184,3,1,1,3584,3),(185,0,0,4,3760,5),(186,1,3,3,3510,4),(187,0,2,4,3610,2),(188,3,5,3,3625,4),(189,2,3,7,3850,2),(190,2,2,3,3925,3),(191,3,2,1,3572,5),(192,1,1,5,3730,1),(193,3,5,3,3625,4),(194,2,2,3,3925,3),(195,3,2,1,3572,5),(196,2,3,7,3850,2),(197,1,1,5,3730,1),(198,2,1,1,3590,1),(199,0,0,4,3760,3),(200,1,1,2,3570,5),(201,2,2,0,3625,2),(202,0,3,2,3575,4),(203,0,3,2,3575,4),(204,0,0,4,3760,3),(205,2,1,1,3590,1),(206,2,2,0,3625,2),(207,1,1,2,3570,5),(208,3,6,5,1855,1),(209,1,5,6,1940,3),(210,2,6,4,1746,4),(211,0,6,8,2050,5),(212,2,6,4,1815,2),(213,1,2,4,3815,5),(214,1,2,6,3879,1),(215,3,3,3,3715,4),(216,3,1,1,3820,3),(217,1,2,5,3837,2),(218,1,5,5,3725,5),(219,1,5,3,3595,3),(220,1,3,6,3870,1),(221,0,5,4,3510,2),(222,1,4,5,3880,4),(223,3,7,3,2255,3),(224,4,8,5,2070,4),(225,5,6,4,1950,1),(226,2,6,3,2025,2),(227,3,6,12,2835,5),(228,3,6,13,3110,5),(229,4,9,3,1910,4),(230,3,9,3,2225,2),(231,5,6,6,2480,1),(232,1,6,10,2645,3),(233,2,4,5,1490,5),(234,1,4,1,883,4),(235,3,4,4,1455,1),(236,0,4,3,1110,3),(237,0,4,2,1070,2),(238,4,4,6,4096,1),(239,2,3,6,3885,3),(240,1,4,3,3456,4),(241,4,3,3,3800,5),(242,1,3,6,3695,2),(243,3,6,3,1565,2),(244,2,6,3,1725,3),(245,2,5,5,1775,1),(246,0,5,5,1739,4),(247,0,5,1,1100,5),(248,2,4,2,3473,4),(249,2,3,4,3617,1),(250,0,2,5,3735,2),(251,4,3,5,4142,1),(252,4,3,6,4045,2),(253,2,3,3,3760,4),(254,0,4,3,1480,2),(255,1,4,0,775,1),(256,0,4,4,1297,4),(257,2,7,4,1950,2),(258,6,8,3,1965,4),(259,1,6,9,2100,1),(260,0,2,7,4085,2),(261,1,4,1,3455,4),(262,2,2,4,3911,1),(263,2,6,1,1680,4),(264,0,6,5,2110,1),(265,4,5,6,2465,2),(266,1,5,3,1575,2),(267,2,5,2,1480,4),(268,1,4,5,1905,3),(269,1,5,3,1270,1),(270,8,6,6,4700,2),(271,3,6,9,4765,1),(272,2,4,8,4452,4),(273,2,4,4,4410,3),(274,0,4,4,1305,4),(275,1,5,3,1445,3),(276,0,5,4,1240,1),(277,0,5,3,4070,1),(278,2,4,6,4470,3),(279,4,8,9,4745,4),(280,1,4,4,4070,5),(281,4,6,5,4666,3),(282,1,4,6,4615,4),(283,3,5,6,4685,5),(284,1,4,9,4765,1),(285,2,4,4,1595,4),(286,2,4,5,1800,2),(287,0,5,2,1285,5),(288,0,4,6,1525,1),(289,1,4,3,1537,3),(290,0,2,2,3595,1),(291,3,2,3,3690,3),(292,1,1,7,3960,4),(293,2,4,1,3590,2),(294,1,5,8,4940,4),(295,2,5,7,5150,1),(296,2,8,2,3930,3),(297,1,5,5,4535,2),(298,1,1,3,3510,1),(299,1,2,4,3775,2),(300,0,1,0,666,3),(301,2,0,6,3975,4),(302,1,4,2,3380,2),(303,1,1,3,3690,3),(304,0,2,6,3800,1),(305,1,4,1,3375,4),(306,1,2,2,3670,3),(307,2,4,5,4005,2),(308,1,2,13,4754,1),(309,2,3,1,3486,4),(310,1,3,3,3575,3),(311,0,3,4,3555,1),(312,1,4,7,4285,2),(313,3,3,1,3435,4),(314,1,0,1,3670,3),(315,0,2,5,3865,4),(316,2,2,6,4225,1),(317,3,2,3,4175,2),(318,1,4,3,1045,1),(319,0,4,2,885,4),(320,1,4,3,1115,2),(321,2,3,0,655,3),(322,2,4,4,3790,1),(323,0,1,3,3605,3),(324,1,2,2,3700,2),(325,2,1,4,4126,1),(326,2,1,1,3690,2),(327,1,1,6,4130,4),(328,1,5,6,2115,3),(329,2,7,3,1925,4),(330,1,5,7,2420,1),(331,1,6,5,2010,2),(332,0,4,6,1700,3),(333,2,5,2,1342,5),(334,1,6,1,1122,1),(335,1,4,6,1875,2),(336,2,5,3,1380,4),(337,1,3,3,4120,3),(338,2,5,9,4625,2),(339,1,5,8,4455,1),(340,0,4,4,3980,4),(341,1,4,4,3735,5),(342,3,4,1,3672,1),(343,3,4,6,4450,2),(344,0,5,4,3630,4),(345,2,2,4,3913,5),(346,2,3,6,4580,3),(347,1,6,1,3390,4),(348,2,3,7,4475,5),(349,1,5,9,4370,2),(350,1,3,4,4060,3),(351,2,4,3,3755,1),(352,2,5,2,1250,4),(353,0,4,0,628,3),(354,0,4,5,1675,2),(355,0,2,4,1410,1),(356,3,6,7,1775,2),(357,1,5,3,1685,3),(358,1,6,2,1125,4),(359,1,5,4,1450,1),(360,1,3,5,1900,1),(361,2,5,3,1625,2),(362,1,2,5,3696,1),(363,2,1,5,4055,2),(364,1,5,11,5430,1),(365,4,4,8,5375,2),(366,0,2,6,3850,1),(367,2,3,3,3865,2),(368,1,3,6,3925,2),(369,2,3,2,3745,1),(370,1,2,0,3215,2),(371,1,1,2,3510,1),(372,1,2,5,3915,1),(373,4,2,5,4535,2),(374,2,4,3,1225,2),(375,0,4,2,1002,1),(376,1,6,2,1560,5),(377,1,5,11,2548,1),(378,2,7,6,2025,2),(379,0,5,2,1160,4),(380,2,4,3,975,1),(381,0,4,1,1120,3),(382,0,5,8,2040,5),(383,1,4,4,1470,2),(384,0,4,12,4955,2),(385,1,4,5,4319,3),(386,1,6,3,3969,4),(387,2,6,2,4053,1),(388,2,6,3,4375,5),(389,1,5,0,775,4),(390,1,4,9,1803,1),(391,2,5,1,1040,2),(392,2,6,3,1725,4),(393,4,6,6,2230,2),(394,1,5,6,2165,1),(395,1,6,2,1682,4),(396,0,6,8,2150,1),(397,2,0,8,4705,2),(398,1,2,2,3642,1),(399,0,2,3,3628,4),(400,3,4,6,4185,2),(401,0,3,4,3690,1),(402,3,4,4,4065,4),(403,2,4,3,1490,2),(404,2,3,6,1310,1),(405,1,4,2,965,2),(406,0,4,3,1024,1),(407,0,3,4,3910,1),(408,1,2,6,4235,3),(409,4,5,4,4004,2),(410,0,1,4,3480,5),(411,2,4,6,3795,4),(412,0,4,5,1490,1),(413,0,5,0,926,4),(414,0,5,2,1240,3),(415,1,4,4,1580,2),(416,0,5,4,1745,5),(417,2,3,5,3830,2),(418,1,2,3,3505,5),(419,0,1,4,3640,1),(420,1,2,2,3590,3),(421,1,4,4,3537,4),(422,4,5,10,5070,1),(423,2,6,5,4050,2),(424,3,7,8,4416,4),(425,2,4,7,4575,3),(426,1,6,5,4280,5),(427,1,6,5,1645,2),(428,1,6,5,1535,3),(429,2,4,6,1820,4),(430,4,5,2,1780,5),(431,0,4,4,1536,1),(432,0,4,4,1355,2),(433,2,4,0,900,4),(434,0,4,4,1215,1),(435,1,4,3,1225,3),(436,0,4,2,955,5),(437,0,4,2,765,2),(438,1,4,3,970,1),(439,0,4,1,600,4),(440,0,5,8,4545,2),(441,3,5,9,4865,4),(442,2,5,3,4130,1),(443,1,1,8,4325,2),(444,2,2,0,3611,1),(445,0,0,3,3625,4),(446,2,7,4,2155,2),(447,2,6,7,2379,1),(448,1,6,2,1715,4),(449,3,6,5,2239,3),(450,2,2,1,3535,3),(451,0,0,8,4068,1),(452,0,1,7,3831,4),(453,0,2,2,3370,2),(454,6,8,6,4890,2),(455,3,4,11,5150,1),(456,4,6,1,4547,3),(457,0,7,7,4590,4),(458,0,4,5,1190,1),(459,1,4,1,945,4),(460,1,4,1,880,2),(461,1,4,0,895,3),(462,1,2,5,3820,2),(463,1,4,4,3712,4),(464,0,2,0,3144,1),(465,1,1,4,3820,3),(466,1,4,3,1005,2),(467,1,4,0,696,4),(468,0,4,4,1139,1),(469,4,2,5,4325,3),(470,2,3,5,3905,5),(471,2,2,7,4160,1),(472,5,3,4,4000,4),(473,2,3,7,2065,2),(474,3,4,2,1805,1),(475,0,5,2,1605,3),(476,2,6,3,1665,5),(477,1,5,2,1565,4),(478,1,2,4,3720,3),(479,1,3,2,3465,5),(480,2,4,4,3620,4),(481,1,2,5,3735,1),(482,1,2,8,4340,2),(483,0,6,1,1070,2),(484,2,5,1,1205,4),(485,1,5,6,1720,5),(486,1,6,3,1580,3),(487,3,5,6,2050,1),(488,0,3,9,1965,1),(489,2,5,1,1200,5),(490,2,6,5,1595,2),(491,0,6,1,895,4),(492,2,6,0,1080,4),(493,0,5,4,1520,5),(494,0,5,3,1235,2),(495,0,5,8,1740,1),(496,1,5,2,1680,3),(497,1,6,4,1995,1),(498,1,5,8,2600,5),(499,1,6,4,1845,3),(500,0,7,3,1570,2),(501,0,7,3,1605,4),(502,0,6,8,4126,4),(503,2,7,6,4195,5),(504,4,6,5,4392,2),(505,2,5,9,4623,3),(506,3,5,6,4651,1),(507,2,3,3,3710,2),(508,3,3,2,3630,4),(509,0,3,1,3325,5),(510,0,0,10,4390,3),(511,5,3,0,3660,1),(512,0,3,9,4288,1),(513,4,4,6,4370,3),(514,1,5,5,4050,2),(515,6,5,2,3961,4),(516,2,4,3,3695,5),(517,1,5,5,3810,2),(518,1,2,4,4051,3),(519,2,3,5,4169,1),(520,2,3,3,4205,4),(521,3,7,9,3055,3),(522,0,7,8,2090,4),(523,1,7,7,2445,1),(524,3,7,4,2267,2),(525,1,1,5,3761,1),(526,3,2,7,4005,2),(527,0,2,0,3385,3),(528,3,3,2,3530,4),(529,1,6,8,2470,1),(530,2,5,7,2460,2),(531,1,7,5,1815,4),(532,1,6,3,1970,3),(533,1,6,2,3825,1),(534,2,3,2,4055,3),(535,0,3,7,4060,5),(536,3,4,4,4060,4),(537,1,4,8,4462,2),(538,3,4,5,3835,2),(539,2,2,7,4205,3),(540,2,5,3,3510,4),(541,3,2,5,3835,1),(542,3,3,2,3845,5),(543,0,1,15,5020,5),(544,2,6,1,3495,4),(545,2,5,3,3960,1),(546,7,5,3,4215,2),(547,4,4,2,3940,3),(548,5,9,4,2290,2),(549,1,5,3,1955,5),(550,2,5,9,2764,1),(551,2,8,10,2790,3),(552,2,9,4,2030,4),(553,3,6,5,2340,3),(554,2,7,9,2675,2),(555,2,6,5,2087,1),(556,2,7,4,2207,4),(557,2,8,4,2165,5),(558,2,6,7,2605,5),(559,1,6,5,2194,2),(560,1,6,5,2405,3),(561,2,5,8,2529,1),(562,5,7,6,2370,4),(563,0,0,8,4296,1),(564,2,3,3,3785,5),(565,1,0,3,4080,3),(566,1,2,4,3710,4),(567,5,3,1,3625,2),(568,2,7,10,5070,2),(569,2,6,7,4835,3),(570,3,5,4,4245,5),(571,2,6,6,4721,4),(572,3,5,10,4865,1),(573,0,1,7,3703,1),(574,1,4,5,3640,2),(575,2,3,3,3385,3),(576,1,3,3,3472,4),(577,2,3,2,3375,1),(578,3,3,9,4775,2),(579,3,5,8,4195,4),(580,1,3,1,3270,3),(581,1,3,4,3555,5),(582,1,4,4,4635,3),(583,4,5,4,4296,2),(584,2,3,13,5111,1),(585,2,7,1,3755,5),(586,4,6,8,4710,4),(587,3,3,9,4711,1),(588,1,5,3,3605,3),(589,2,5,2,3410,4),(590,3,3,3,3740,5),(591,2,4,8,4345,2),(592,0,5,8,2015,2),(593,4,6,4,2535,3),(594,5,7,7,2430,1),(595,2,8,1,1220,4),(596,2,5,8,2715,1),(597,4,8,4,2469,4),(598,3,8,8,2820,2),(599,2,8,4,2230,3),(600,4,7,9,2807,1),(601,2,9,5,2160,4),(602,3,5,6,2540,5),(603,0,6,8,2542,2),(604,1,7,8,2461,3),(605,2,5,1,1115,5),(606,2,4,10,2155,2),(607,3,4,1,1395,1),(608,2,6,4,1360,3),(609,2,6,3,1340,4),(610,3,6,5,1720,2),(611,0,4,4,1380,3),(612,1,4,4,1665,1),(613,1,6,4,1415,4),(614,0,1,5,3995,3),(615,1,1,1,3440,4),(616,3,4,2,3790,5),(617,2,1,3,3845,1),(618,1,5,0,795,4),(619,1,4,4,1430,5),(620,0,4,7,1600,3),(621,2,5,3,1205,1),(622,1,7,8,4342,4),(623,1,5,7,4394,1),(624,3,3,6,4345,5),(625,2,5,4,4235,3),(626,1,4,7,4185,5),(627,1,4,3,3675,4),(628,3,3,7,4365,3),(629,1,3,6,4490,1),(630,0,3,3,745,5),(631,1,4,5,1170,3),(632,2,4,2,910,2),(633,1,3,1,723,4),(634,2,4,1,925,1),(635,3,6,1,3490,4),(636,5,4,4,4206,3),(637,0,3,4,3557,1),(638,1,4,9,4130,2),(639,2,2,5,3930,5),(640,0,5,5,4140,3),(641,4,6,7,4730,2),(642,3,5,9,4645,1),(643,3,8,5,4037,4),(644,3,5,9,4820,5),(645,1,2,5,3740,2),(646,1,2,4,3770,1),(647,0,1,6,3700,5),(648,2,2,4,3760,3),(649,0,5,3,3510,4),(650,0,6,3,1375,2),(651,1,6,4,1535,3),(652,1,6,1,1108,4),(653,2,4,9,2333,1),(654,3,6,2,1450,5),(655,3,4,1,3585,4),(656,1,3,5,3868,1),(657,1,1,9,4380,5),(658,0,2,4,3855,3),(659,5,3,4,4120,2),(660,1,5,4,1161,1),(661,2,5,2,1115,4),(662,0,3,3,1304,3),(663,0,3,4,1385,5),(664,1,5,1,847,2),(665,3,7,6,2215,4),(666,3,8,5,2185,2),(667,3,8,6,2255,3),(668,0,5,5,1980,1),(669,2,6,4,2150,5),(670,0,4,6,1365,4),(671,1,4,0,770,5),(672,2,4,2,1148,1),(673,0,4,0,625,3),(674,2,4,1,990,2),(675,1,4,7,4169,2),(676,3,6,4,3863,4),(677,2,4,5,3940,1),(678,1,5,3,3755,5),(679,0,5,4,3775,3),(680,1,7,10,2532,4),(681,2,4,10,2510,1),(682,3,8,1,1935,3),(683,2,4,3,1890,5),(684,4,7,5,2420,2),(685,3,5,5,2140,3),(686,3,6,8,2275,5),(687,3,6,10,2760,1),(688,4,8,2,1779,4),(689,2,6,7,2305,2),(690,3,5,1,937,1),(691,2,4,2,1055,5),(692,0,3,9,1670,4),(693,4,4,1,1275,2),(694,1,4,2,1265,3),(695,1,4,4,1105,5),(696,0,4,0,580,3),(697,0,5,2,765,4),(698,0,4,4,1085,1),(699,3,5,6,2405,5),(700,3,7,3,1990,3),(701,2,8,6,2168,4),(702,4,7,7,2580,2),(703,1,5,8,2465,1),(704,0,5,5,1150,1),(705,2,4,1,950,5),(706,0,5,0,725,4),(707,2,4,5,1355,2),(708,0,4,2,1020,3),(709,1,5,6,4430,3),(710,2,5,7,4110,4),(711,3,7,2,3990,2),(712,1,4,7,4075,1),(713,2,6,1,3725,5),(714,4,5,3,3770,4),(715,3,4,3,3675,5),(716,1,4,1,3517,1),(717,0,1,6,4085,3),(718,2,3,11,4360,5),(719,3,4,4,3885,3),(720,3,3,4,4015,1),(721,2,5,3,3605,4),(722,0,1,4,3757,1),(723,1,3,1,3901,2),(724,2,7,6,2530,2),(725,1,6,3,1990,1),(726,1,3,3,3482,1),(727,0,0,9,4040,2),(728,0,3,9,4397,1),(729,3,6,3,3965,2),(730,2,6,2,1570,3),(731,0,6,3,1055,1),(732,0,4,7,1671,2),(733,1,6,4,1220,4),(734,1,5,8,1800,1),(735,2,4,5,1660,4),(736,1,5,3,1765,3),(737,4,6,5,1800,2),(738,0,4,10,4192,2),(739,2,6,3,3575,4),(740,1,4,6,3707,1),(741,1,4,2,1009,1),(742,1,4,2,1030,4),(743,1,4,4,1480,2),(744,1,4,1,765,4),(745,1,4,4,1325,2),(746,2,5,1,1044,1),(747,1,4,4,3625,1),(748,1,3,7,3955,2),(749,1,6,6,4565,1),(750,1,6,6,4745,2),(751,0,2,8,4004,1),(752,1,2,4,3560,2),(753,5,5,2,4220,2),(754,0,1,4,3698,1),(755,0,4,1,865,1),(756,1,5,1,1025,2),(757,3,8,6,2250,4),(758,1,4,3,1720,1),(759,0,4,6,1937,2),(760,0,5,2,1690,3),(761,1,3,4,3720,1),(762,3,4,5,4055,4),(763,0,4,3,3588,2),(764,2,2,4,3920,3),(765,1,5,3,980,4),(766,1,4,2,1330,3),(767,0,5,1,760,2),(768,0,5,4,1086,1),(769,2,3,5,3984,1),(770,0,2,7,3835,4),(771,2,4,2,3805,2),(772,1,3,2,901,4),(773,0,4,2,940,2),(774,1,4,0,708,1),(775,5,5,8,5180,1),(776,2,6,10,4970,2),(777,0,2,0,3190,1),(778,1,4,4,3820,2),(779,4,5,1,3470,4),(780,1,6,1,1180,1),(781,2,4,3,1590,2),(782,3,6,3,1855,4),(783,1,4,5,3813,1),(784,2,6,7,4360,2),(785,0,8,2,4265,4),(786,1,2,6,4004,1),(787,3,5,4,3815,2),(788,2,2,6,3930,3),(789,4,5,3,3750,5),(790,2,3,5,3740,4),(791,1,3,6,4280,1),(792,0,2,3,3695,3),(793,2,2,5,3980,5),(794,2,2,5,4045,2),(795,2,3,3,3925,4),(796,1,7,3,1872,5),(797,0,7,2,1450,4),(798,1,4,6,2143,3),(799,4,7,3,1927,2),(800,2,6,11,2712,1),(801,1,7,5,4640,1),(802,4,6,5,4916,5),(803,2,6,9,5065,3),(804,1,8,6,4310,2),(805,2,8,5,4350,4),(806,2,5,5,4455,1),(807,2,6,0,3430,4),(808,2,5,8,4285,2),(809,0,4,1,3345,3),(810,1,4,10,4478,5),(811,2,7,3,4290,3),(812,1,9,7,4833,1),(813,1,4,9,4830,5),(814,2,5,4,4295,2),(815,4,6,10,5499,4),(816,0,4,8,2145,2),(817,1,5,4,1580,3),(818,2,4,5,2000,1),(819,1,3,3,1542,5),(820,2,5,0,1282,4),(821,1,5,14,3285,3),(822,1,6,4,2001,5),(823,1,6,3,1850,4),(824,2,5,3,1825,1),(825,0,8,3,1645,2),(826,4,6,4,4419,1),(827,5,7,7,4725,4),(828,3,5,6,4260,3),(829,0,6,4,3875,2),(830,0,3,10,4889,5),(831,0,6,5,1580,3),(832,0,8,3,2321,2),(833,3,7,8,2580,4),(834,3,8,8,2575,5),(835,3,6,5,2247,1),(836,1,5,2,3413,4),(837,2,3,8,4083,1),(838,1,2,8,4145,3),(839,1,5,4,3653,2),(840,3,3,3,3637,5),(841,3,8,7,2480,4),(842,4,8,10,3393,2),(843,5,5,4,2720,1),(844,3,6,7,2310,3),(845,6,7,7,2450,5),(846,0,3,9,4207,1),(847,2,5,3,3612,4),(848,3,4,1,3385,5),(849,2,4,6,4090,2),(850,0,4,3,3620,3),(851,3,8,5,2310,1),(852,4,7,6,2765,2),(853,3,8,3,2298,5),(854,4,7,1,1990,3),(855,2,7,10,3120,4),(856,1,2,5,3735,4),(857,2,3,7,4115,2),(858,3,2,2,3705,3),(859,1,1,2,3480,5),(860,2,2,3,3705,1),(861,4,3,3,4080,3),(862,0,3,8,4205,1),(863,2,5,2,3730,2),(864,1,2,5,3889,5),(865,2,4,7,4046,4),(866,1,3,3,3490,5),(867,0,3,4,3670,1),(868,0,2,7,3710,2),(869,2,3,3,3370,4),(870,1,2,3,3510,3),(871,2,7,7,4740,3),(872,3,9,2,3891,4),(873,1,6,6,4277,5),(874,2,6,10,4710,1),(875,2,5,10,4635,2),(876,0,4,3,1515,1),(877,0,5,4,1355,2),(878,0,5,3,1466,3),(879,1,4,3,1522,5),(880,1,6,3,1525,4),(881,2,6,4,1884,3),(882,1,8,4,1757,1),(883,3,5,6,2730,2),(884,0,8,2,1524,4),(885,0,4,9,2352,5),(886,2,3,1,3760,1),(887,0,3,4,3705,2),(888,1,4,5,3619,4),(889,1,5,6,2325,1),(890,1,8,5,2230,2),(891,4,7,7,2295,4),(892,1,3,5,3515,2),(893,1,3,5,3705,1),(894,2,5,5,1715,2),(895,1,4,4,1710,1),(896,2,6,8,2118,1),(897,0,7,5,1725,2),(898,3,6,7,4445,1),(899,3,3,6,4205,4),(900,5,5,6,4750,2),(901,4,6,4,4095,4),(902,4,4,5,4430,2),(903,2,7,8,4458,1),(904,7,6,9,4970,3),(905,1,5,4,1506,1),(906,0,5,1,1070,2),(907,1,5,7,1915,3),(908,2,6,5,1847,3),(909,2,7,5,2060,5),(910,2,6,5,2140,2),(911,1,9,8,2360,1),(912,3,5,10,2885,1),(913,1,7,6,2135,2),(914,2,7,6,2070,3),(915,3,8,9,2464,5),(916,2,7,6,4346,2),(917,4,4,2,4225,3),(918,3,5,7,4810,5),(919,0,4,10,4802,1),(920,0,2,6,3840,4),(921,1,3,1,3315,5),(922,1,3,3,3740,1),(923,1,3,5,3715,4),(924,0,3,7,4089,1),(925,2,4,3,3580,5),(926,4,3,3,4075,4),(927,1,3,4,3810,5),(928,1,5,3,3710,2),(929,1,3,7,4370,3),(930,1,4,6,4201,1),(931,1,4,1,1245,2),(932,0,4,7,1788,5),(933,2,3,4,1625,4),(934,1,4,3,1385,3),(935,2,4,7,1865,1),(936,3,7,2,3900,2),(937,4,7,9,4585,4),(938,1,5,8,4790,5),(939,1,4,4,4285,3),(940,1,5,6,4146,1),(941,1,5,5,1527,1),(942,0,3,6,1799,5),(943,0,2,1,806,4),(944,2,3,3,1120,3),(945,2,5,4,1695,2),(946,1,0,5,4085,5),(947,5,3,3,4235,4),(948,1,2,3,3859,1),(949,0,3,3,3815,3),(950,1,2,4,3919,2),(951,5,9,5,4646,5),(952,2,6,5,4314,1),(953,2,8,5,4310,2),(954,4,6,7,4633,4),(955,1,6,11,4855,3),(956,1,6,10,4620,2),(957,0,5,9,4540,3),(958,3,5,4,4270,1),(959,0,1,5,3525,2),(960,1,3,8,4055,3),(961,1,2,1,3385,1),(962,3,3,4,3958,2),(963,0,0,3,3680,3),(964,0,1,3,3658,1),(965,0,4,3,3620,1),(966,6,3,3,4030,4),(967,1,3,9,4325,2),(968,1,6,7,4775,2),(969,3,6,3,4505,1),(970,3,7,8,4720,2),(971,1,5,7,4645,1),(972,1,5,4,1386,1),(973,1,5,3,1455,2),(974,1,5,3,1500,3),(975,0,4,9,1670,1),(976,0,4,0,775,3),(977,1,4,1,1075,2),(978,4,8,4,2370,2),(979,2,6,4,2465,3),(980,4,7,5,2400,4),(981,2,4,6,2737,1),(982,2,3,10,2931,5),(983,2,6,4,4146,1),(984,0,5,10,4565,3),(985,1,6,10,4931,2),(986,4,8,5,4240,4),(987,4,6,3,4301,5),(988,2,3,8,4304,2),(989,3,2,5,4195,1),(990,3,5,5,3760,4),(991,2,4,3,3670,3),(992,4,2,4,4136,5),(993,0,3,7,2266,4),(994,0,4,4,1810,1),(995,3,5,3,2257,3),(996,2,5,0,1387,2),(997,0,5,8,2113,2),(998,2,6,6,2320,1),(999,1,7,4,1765,3),(1000,1,8,1,1250,4),(1001,1,1,0,3285,4),(1002,0,0,0,3210,2),(1003,1,0,3,3720,1),(1004,0,1,2,3470,3),(1005,0,1,4,3650,3),(1006,2,2,5,3860,2),(1007,2,2,1,3425,4),(1008,2,2,1,3360,1),(1009,0,3,3,3565,3),(1010,4,4,4,3882,2),(1011,2,3,5,4115,1),(1012,0,2,5,3730,4),(1013,1,5,3,1400,2),(1014,0,4,6,1475,1),(1015,0,4,6,1832,4),(1016,0,5,5,1745,2),(1017,1,6,2,1330,5),(1018,1,6,0,1175,1),(1019,2,5,4,1825,3),(1020,2,5,2,1548,2),(1021,0,5,2,1490,5),(1022,0,3,5,1819,1),(1023,2,5,3,1645,2),(1024,2,6,1,1225,3),(1025,0,4,10,2205,4),(1026,1,6,4,1390,1),(1027,2,5,7,2539,2),(1028,2,5,8,2547,1),(1029,2,6,4,1718,3),(1030,3,9,4,2105,4),(1031,0,4,5,1587,1),(1032,2,4,3,1480,2),(1033,2,5,5,1585,4),(1034,2,5,4,1605,3),(1035,1,5,3,875,4),(1036,2,5,0,645,5),(1037,0,4,8,1630,1),(1038,1,7,7,2264,4),(1039,3,6,6,2270,1),(1040,1,8,4,2006,5),(1041,2,4,1,765,2),(1042,2,4,3,1050,4),(1043,0,4,0,710,1),(1044,3,6,5,4110,4),(1045,3,5,6,4795,1),(1046,5,6,7,4690,2),(1047,1,7,2,1710,1),(1048,0,7,7,1850,2),(1049,1,7,5,1645,4),(1050,1,7,7,2350,1),(1051,2,5,6,2540,2),(1052,6,7,2,2292,4),(1053,1,7,8,2686,5),(1054,0,5,3,2165,3),(1055,1,5,6,2735,2),(1056,3,3,2,3905,1),(1057,4,3,4,4126,5),(1058,1,4,4,3760,3),(1059,0,3,8,4135,4),(1060,2,4,3,1141,5),(1061,1,4,2,600,1),(1062,3,5,6,1680,2),(1063,0,4,3,1070,3),(1064,0,5,1,637,4),(1065,2,3,4,3775,2),(1066,0,3,8,4114,1),(1067,1,5,2,3480,4),(1068,3,3,0,3725,1),(1069,3,4,5,4157,2),(1070,0,4,1,745,2),(1071,0,4,4,1007,1),(1072,1,2,3,3665,2),(1073,0,2,4,3515,5),(1074,2,1,6,4046,1),(1075,1,5,5,1742,1),(1076,1,5,3,1477,5),(1077,4,5,5,1950,2),(1078,0,3,4,4159,1),(1079,1,3,6,4120,2),(1080,1,3,5,3925,3),(1081,0,1,5,3520,1),(1082,1,1,9,4040,2),(1083,0,3,2,3180,3),(1084,0,2,1,3135,3),(1085,1,1,7,3870,2),(1086,1,1,6,3985,1),(1087,1,2,4,3959,1),(1088,2,3,6,3825,4),(1089,3,3,5,4145,2),(1090,3,3,4,3930,3),(1091,1,4,1,745,3),(1092,0,4,2,752,1),(1093,0,4,4,1002,2),(1094,2,4,0,780,4),(1095,0,4,2,1052,4),(1096,0,3,2,860,3),(1097,1,5,3,1300,1),(1098,1,4,5,1450,2),(1099,0,0,0,85,3),(1100,3,6,9,2455,2),(1101,1,5,5,1855,4),(1102,1,6,9,2225,1),(1103,3,7,6,1840,2),(1104,3,6,5,1865,3),(1105,2,6,1,1100,4),(1106,0,6,6,1687,1),(1107,1,4,5,1420,2),(1108,2,4,2,1315,3),(1109,0,4,2,1089,1),(1110,0,5,3,1181,4);
/*!40000 ALTER TABLE `player_game_statistics` ENABLE KEYS */;
UNLOCK TABLES;

--
-- Table structure for table `player_player_seasons`
--

DROP TABLE IF EXISTS `player_player_seasons`;
/*!40101 SET @saved_cs_client     = @@character_set_client */;
/*!40101 SET character_set_client = utf8 */;
CREATE TABLE `player_player_seasons` (
  `player_id` bigint(20) NOT NULL,
  `player_seasons_id` bigint(20) NOT NULL,
  PRIMARY KEY (`player_id`,`player_seasons_id`),
  UNIQUE KEY `UK_5kcfgkq22yawtehia5sfph6qc` (`player_seasons_id`),
  CONSTRAINT `FKkd6g9vag1j2gxt9urhupayoqe` FOREIGN KEY (`player_id`) REFERENCES `player` (`id`),
  CONSTRAINT `FKrbk6v7altpwk496sde3rcr41b` FOREIGN KEY (`player_seasons_id`) REFERENCES `player_season_statistics` (`id`)
) ENGINE=InnoDB DEFAULT CHARSET=utf8;
/*!40101 SET character_set_client = @saved_cs_client */;

--
-- Dumping data for table `player_player_seasons`
--

LOCK TABLES `player_player_seasons` WRITE;
/*!40000 ALTER TABLE `player_player_seasons` DISABLE KEYS */;
INSERT INTO `player_player_seasons` VALUES (1,1),(1,2),(1,3),(1,4),(1,5),(1,6),(1,7),(1,8),(1,9),(1,55),(2,10),(2,11),(2,12),(2,13),(2,14),(2,15),(2,16),(2,17),(2,18),(2,19),(2,20),(2,21),(2,56),(3,22),(3,23),(3,24),(3,25),(3,26),(3,27),(3,28),(3,29),(3,30),(3,31),(3,32),(3,33),(3,57),(4,34),(4,35),(4,36),(4,37),(4,38),(4,39),(4,40),(4,41),(4,42),(4,43),(4,59),(5,44),(5,45),(5,46),(5,47),(5,48),(5,49),(5,50),(5,51),(5,52),(5,53),(5,54),(5,58);
/*!40000 ALTER TABLE `player_player_seasons` ENABLE KEYS */;
UNLOCK TABLES;

--
-- Table structure for table `player_season_statistics`
--

DROP TABLE IF EXISTS `player_season_statistics`;
/*!40101 SET @saved_cs_client     = @@character_set_client */;
/*!40101 SET character_set_client = utf8 */;
CREATE TABLE `player_season_statistics` (
  `id` bigint(20) NOT NULL AUTO_INCREMENT,
  `assists` int(11) DEFAULT NULL,
  `deaths` int(11) DEFAULT NULL,
  `kills` int(11) DEFAULT NULL,
  `losses` int(11) DEFAULT NULL,
  `wins` int(11) DEFAULT NULL,
  `season_id` bigint(20) DEFAULT NULL,
  PRIMARY KEY (`id`),
  KEY `FK8f4bp6lk24k4k98xgl1ddon32` (`season_id`),
  CONSTRAINT `FK8f4bp6lk24k4k98xgl1ddon32` FOREIGN KEY (`season_id`) REFERENCES `season` (`id`)
) ENGINE=InnoDB AUTO_INCREMENT=60 DEFAULT CHARSET=utf8;
/*!40101 SET character_set_client = @saved_cs_client */;

--
-- Dumping data for table `player_season_statistics`
--

LOCK TABLES `player_season_statistics` WRITE;
/*!40000 ALTER TABLE `player_season_statistics` DISABLE KEYS */;
INSERT INTO `player_season_statistics` VALUES (1,486,1147,1563,140,163,13),(2,561,1194,1624,163,189,12),(3,258,504,586,78,81,15),(4,477,737,938,140,156,11),(5,59,179,194,16,16,9),(6,235,610,686,70,74,16),(7,458,1606,1750,131,155,10),(8,416,1121,1452,138,142,17),(9,426,1053,1333,132,133,14),(10,452,1116,1087,127,129,6),(11,2,4,4,0,1,7),(12,281,520,541,79,80,15),(13,509,1210,1045,137,149,14),(14,244,626,712,65,73,16),(15,263,650,633,74,72,9),(16,510,1037,852,141,147,13),(17,818,2019,1966,224,239,10),(18,11,26,25,3,2,8),(19,473,788,755,129,139,12),(20,461,763,797,116,145,11),(21,481,1186,1277,131,131,17),(22,167,555,502,67,73,14),(23,32,103,108,9,18,13),(24,103,397,361,41,46,16),(25,116,372,390,46,52,10),(26,451,1445,1518,180,201,6),(27,54,174,183,18,28,12),(28,239,739,690,86,92,17),(29,72,231,243,28,32,7),(30,28,91,96,8,16,8),(31,241,774,813,100,103,9),(32,32,103,117,13,14,11),(33,186,323,385,74,83,15),(34,289,771,631,84,88,9),(35,287,453,353,85,87,15),(36,368,984,804,107,115,12),(37,378,1063,804,105,113,17),(38,267,689,554,83,78,14),(39,163,434,355,84,85,10),(40,216,576,471,68,62,11),(41,300,802,656,93,87,6),(42,351,940,768,105,107,13),(43,182,525,399,55,55,16),(44,39,108,94,13,13,6),(45,79,220,192,25,28,9),(46,105,299,261,32,38,16),(47,84,197,157,25,31,11),(48,199,551,481,63,70,12),(49,193,534,467,62,67,13),(50,4,12,11,2,1,8),(51,153,429,372,53,49,14),(52,269,746,651,85,95,10),(53,211,553,550,62,69,17),(54,96,133,100,31,33,15),(55,109,362,421,40,43,21),(56,134,378,398,38,41,21),(57,83,253,259,29,31,21),(58,79,197,209,20,23,21),(59,120,301,257,29,31,21);
/*!40000 ALTER TABLE `player_season_statistics` ENABLE KEYS */;
UNLOCK TABLES;

--
-- Table structure for table `season`
--

DROP TABLE IF EXISTS `season`;
/*!40101 SET @saved_cs_client     = @@character_set_client */;
/*!40101 SET character_set_client = utf8 */;
CREATE TABLE `season` (
  `id` bigint(20) NOT NULL AUTO_INCREMENT,
  `name` varchar(255) DEFAULT NULL,
  `release_date` date DEFAULT NULL,
  `season_number` int(11) DEFAULT NULL,
  `season_year` int(11) DEFAULT NULL,
  PRIMARY KEY (`id`)
) ENGINE=InnoDB AUTO_INCREMENT=22 DEFAULT CHARSET=utf8;
/*!40101 SET character_set_client = @saved_cs_client */;

--
-- Dumping data for table `season`
--

LOCK TABLES `season` WRITE;
/*!40000 ALTER TABLE `season` DISABLE KEYS */;
INSERT INTO `season` VALUES (1,'Operation Black Ice','2016-02-01',1,1),(2,'Operation Dust Line','2016-05-01',2,1),(3,'Operation Skull Rain','2016-08-01',3,1),(4,'Operation Red Crow','2016-11-01',4,1),(5,'Operation Velvet Shell','2017-02-01',1,2),(6,'Operation Health','2017-05-01',2,2),(7,'Operation Blood Orchid','2017-08-01',3,2),(8,'Operation White Noise','2017-11-01',4,2),(9,'Operation Chimera','2018-03-01',1,3),(10,'Operation Para Bellum','2018-06-01',2,3),(11,'Operation Grim Sky','2018-09-01',3,3),(12,'Operation Wind Bastion','2018-12-01',4,3),(13,'Operation Burnt Horizon','2019-03-01',1,4),(14,'Operation Phantom Sight','2019-06-01',2,4),(15,'Operation Ember Rise','2019-09-01',3,4),(16,'Operation Shifting Tides','2019-12-01',4,4),(17,'Operation Void Edge','2020-03-01',1,5),(21,'Operation Steel Wave','2020-06-16',2,5);
/*!40000 ALTER TABLE `season` ENABLE KEYS */;
UNLOCK TABLES;

--
-- Table structure for table `squad`
--

DROP TABLE IF EXISTS `squad`;
/*!40101 SET @saved_cs_client     = @@character_set_client */;
/*!40101 SET character_set_client = utf8 */;
CREATE TABLE `squad` (
  `id` bigint(20) NOT NULL AUTO_INCREMENT,
  `name` varchar(255) DEFAULT NULL,
  PRIMARY KEY (`id`)
) ENGINE=InnoDB AUTO_INCREMENT=2 DEFAULT CHARSET=utf8;
/*!40101 SET character_set_client = @saved_cs_client */;

--
-- Dumping data for table `squad`
--

LOCK TABLES `squad` WRITE;
/*!40000 ALTER TABLE `squad` DISABLE KEYS */;
INSERT INTO `squad` VALUES (1,'Team Pay2Win');
/*!40000 ALTER TABLE `squad` ENABLE KEYS */;
UNLOCK TABLES;

--
-- Table structure for table `squad_game_statistics`
--

DROP TABLE IF EXISTS `squad_game_statistics`;
/*!40101 SET @saved_cs_client     = @@character_set_client */;
/*!40101 SET character_set_client = utf8 */;
CREATE TABLE `squad_game_statistics` (
  `id` bigint(20) NOT NULL AUTO_INCREMENT,
  `game_side` int(11) DEFAULT NULL,
  `map_result` int(11) DEFAULT NULL,
  `rounds_lost` int(11) DEFAULT NULL,
  `rounds_won` int(11) DEFAULT NULL,
  `squad_id` bigint(20) DEFAULT NULL,
  PRIMARY KEY (`id`),
  KEY `FKb8qbduv5yyev9bvydc2lbprpi` (`squad_id`),
  CONSTRAINT `FKb8qbduv5yyev9bvydc2lbprpi` FOREIGN KEY (`squad_id`) REFERENCES `squad` (`id`)
) ENGINE=InnoDB AUTO_INCREMENT=287 DEFAULT CHARSET=utf8;
/*!40101 SET character_set_client = @saved_cs_client */;

--
-- Dumping data for table `squad_game_statistics`
--

LOCK TABLES `squad_game_statistics` WRITE;
/*!40000 ALTER TABLE `squad_game_statistics` DISABLE KEYS */;
INSERT INTO `squad_game_statistics` VALUES (1,1,0,0,4,1),(2,1,1,4,0,1),(3,1,0,3,5,1),(4,1,1,5,4,1),(5,0,0,3,5,1),(6,0,0,1,4,1),(7,0,0,2,4,1),(8,0,1,5,3,1),(9,0,0,4,5,1),(10,1,1,5,4,1),(11,1,1,5,3,1),(12,1,0,2,4,1),(13,1,1,4,1,1),(14,1,0,0,4,1),(15,1,0,1,4,1),(16,1,0,0,4,1),(17,0,1,4,1,1),(18,1,1,4,2,1),(19,1,1,4,1,1),(20,0,0,4,5,1),(21,1,1,4,1,1),(22,0,1,5,3,1),(23,0,1,4,2,1),(24,0,0,3,5,1),(25,1,1,4,2,1),(26,0,0,2,4,1),(27,0,0,2,4,1),(28,1,1,5,3,1),(29,1,0,3,5,1),(30,0,1,4,1,1),(31,1,0,3,5,1),(32,1,1,5,3,1),(33,1,0,2,4,1),(34,1,0,0,4,1),(35,1,1,4,0,1),(36,1,1,4,2,1),(37,0,1,4,1,1),(38,0,0,3,5,1),(39,0,1,4,1,1),(40,0,0,1,4,1),(41,1,1,4,1,1),(42,0,1,4,2,1),(43,1,1,5,3,1),(44,1,0,0,4,1),(45,1,1,5,4,1),(46,1,0,4,5,1),(47,0,0,3,5,1),(48,1,0,2,4,1),(49,1,0,2,4,1),(50,1,1,4,2,1),(51,0,0,1,4,1),(52,1,0,0,4,1),(53,1,0,1,4,1),(54,1,0,1,4,1),(55,1,0,0,4,1),(56,1,0,0,4,1),(57,1,1,5,3,1),(58,1,0,0,4,1),(59,1,0,2,4,1),(60,1,1,5,3,1),(61,1,1,5,4,1),(62,1,1,4,1,1),(63,1,0,2,4,1),(64,0,1,4,2,1),(65,0,0,2,4,1),(66,0,0,1,4,1),(67,0,1,4,1,1),(68,1,1,5,3,1),(69,1,0,1,4,1),(70,1,1,4,2,1),(71,0,1,4,2,1),(72,0,0,3,5,1),(73,1,1,4,1,1),(74,0,0,4,5,1),(75,0,0,4,5,1),(76,1,1,4,2,1),(77,0,0,0,4,1),(78,0,0,4,5,1),(79,0,0,0,4,1),(80,1,0,0,4,1),(81,1,0,1,4,1),(82,0,0,1,4,1),(83,1,0,0,4,1),(84,1,1,4,0,1),(85,0,0,1,4,1),(86,0,0,0,4,1),(87,0,1,5,3,1),(88,1,1,4,2,1),(89,1,0,3,5,1),(90,1,0,2,4,1),(91,0,0,2,4,1),(92,0,1,4,2,1),(93,0,1,4,2,1),(94,1,1,4,2,1),(95,0,0,1,4,1),(96,0,0,4,5,1),(97,1,0,2,4,1),(98,1,0,0,4,1),(99,0,0,0,4,1),(100,1,0,1,4,1),(101,0,1,4,1,1),(102,1,1,5,3,1),(103,1,1,4,2,1),(104,0,0,3,5,1),(105,0,1,4,1,1),(106,0,1,5,4,1),(107,0,1,5,3,1),(108,0,0,0,4,1),(109,1,0,2,4,1),(110,1,1,4,0,1),(111,1,1,4,0,1),(112,0,0,1,4,1),(113,0,1,4,2,1),(114,0,0,1,4,1),(115,1,0,3,5,1),(116,0,1,4,2,1),(117,0,1,4,1,1),(118,1,1,4,0,1),(119,0,0,3,5,1),(120,1,0,0,4,1),(121,0,1,5,3,1),(122,0,0,0,4,1),(123,0,0,4,5,1),(124,1,1,4,0,1),(125,1,0,1,4,1),(126,0,1,4,0,1),(127,1,0,1,4,1),(128,0,1,4,2,1),(129,0,0,1,4,1),(130,1,1,4,2,1),(131,1,1,4,2,1),(132,0,1,4,2,1),(133,0,1,5,3,1),(134,1,0,3,5,1),(135,1,0,0,4,1),(136,1,0,2,4,1),(137,0,0,2,4,1),(138,0,1,5,4,1),(139,0,0,0,4,1),(140,0,1,5,3,1),(141,1,0,2,4,1),(142,1,0,1,4,1),(143,0,0,2,4,1),(144,0,1,5,4,1),(145,1,1,5,4,1),(146,0,1,5,4,1),(147,0,0,0,4,1),(148,0,0,4,5,1),(149,0,0,1,4,1),(150,1,0,2,4,1),(151,1,0,3,5,1),(152,1,0,2,4,1),(153,1,1,5,3,1),(154,0,1,5,4,1),(155,0,1,5,4,1),(156,1,1,4,2,1),(157,0,1,4,2,1),(158,1,0,0,4,1),(159,1,1,4,1,1),(160,0,0,4,5,1),(161,0,0,2,4,1),(162,0,1,4,0,1),(163,1,0,2,4,1),(164,0,0,4,5,1),(165,0,0,1,4,1),(166,0,1,4,2,1),(167,0,0,1,4,1),(168,0,1,4,1,1),(169,1,1,5,3,1),(170,1,1,4,0,1),(171,1,0,2,4,1),(172,1,1,5,3,1),(173,1,1,5,4,1),(174,0,1,4,1,1),(175,0,1,4,1,1),(176,1,1,5,4,1),(177,0,1,4,1,1),(178,0,0,4,5,1),(179,1,0,1,4,1),(180,1,0,2,4,1),(181,0,0,0,4,1),(182,1,1,5,3,1),(183,0,0,0,4,1),(184,0,0,2,4,1),(185,0,1,4,2,1),(186,1,1,4,2,1),(187,0,0,2,4,1),(188,0,1,4,1,1),(189,1,1,4,1,1),(190,0,0,1,4,1),(191,1,0,4,5,1),(192,0,0,1,4,1),(193,0,0,2,4,1),(194,0,1,4,1,1),(195,1,1,5,3,1),(196,0,0,2,4,1),(197,0,1,4,1,1),(198,0,0,2,4,1),(199,1,1,4,1,1),(200,1,0,4,5,1),(201,0,0,2,4,1),(202,0,1,4,2,1),(203,0,0,4,5,1),(204,1,0,1,4,1),(205,1,0,1,4,1),(206,1,1,5,3,1),(207,0,0,4,5,1),(208,1,0,2,4,1),(209,0,0,4,5,1),(210,1,1,4,2,1),(211,1,1,5,4,1),(212,1,0,3,5,1),(213,0,1,5,4,1),(214,0,0,2,4,1),(215,1,1,5,4,1),(216,0,0,2,4,1),(217,1,1,5,4,1),(218,1,0,0,4,1),(219,0,0,2,4,1),(220,1,0,1,4,1),(221,0,0,4,5,1),(222,1,1,4,2,1),(223,1,1,5,3,1),(224,0,0,1,4,1),(225,1,1,5,4,1),(226,1,0,1,4,1),(227,1,1,4,2,1),(228,1,1,5,3,1),(229,1,0,3,5,1),(230,0,0,4,5,1),(231,0,1,4,2,1),(232,1,1,5,4,1),(233,1,1,5,4,1),(234,1,0,3,5,1),(235,1,0,1,4,1),(236,1,0,2,4,1),(237,1,0,2,4,1),(238,0,1,4,2,1),(239,0,0,4,5,1),(240,1,1,4,2,1),(241,1,0,0,4,1),(242,0,0,4,5,1),(243,1,0,3,5,1),(244,1,0,1,4,1),(245,1,0,0,4,1),(246,1,0,2,4,1),(247,1,0,4,5,1),(248,1,0,4,5,1),(249,1,1,4,2,1),(250,0,1,4,1,1),(251,1,1,5,4,1),(252,1,0,4,5,1),(253,1,0,2,4,1),(254,1,1,4,1,1),(255,1,1,5,3,1),(256,1,0,0,2,1),(257,1,0,1,2,1),(258,0,0,2,4,1),(259,1,1,4,2,1),(260,1,1,4,2,1),(261,1,1,4,2,1),(262,1,1,4,2,1),(263,1,1,5,4,1),(264,0,1,4,2,1),(265,1,1,4,1,1),(266,1,1,5,4,1),(267,1,1,4,0,1),(268,0,0,3,5,1),(269,1,1,5,3,1),(270,0,1,5,4,1),(271,1,0,2,4,1),(272,1,1,4,1,1),(273,1,0,2,4,1),(274,1,0,0,4,1),(275,1,1,4,0,1),(276,1,0,1,4,1),(277,1,1,4,2,1),(278,1,0,2,4,1),(279,1,0,1,4,1),(280,0,0,1,4,1),(281,0,0,2,4,1),(282,1,1,4,0,1),(283,1,1,4,1,1),(284,1,1,5,3,1),(285,1,1,5,3,1),(286,1,1,4,1,1);
/*!40000 ALTER TABLE `squad_game_statistics` ENABLE KEYS */;
UNLOCK TABLES;

--
-- Table structure for table `squad_game_statistics_player_game_statistics`
--

DROP TABLE IF EXISTS `squad_game_statistics_player_game_statistics`;
/*!40101 SET @saved_cs_client     = @@character_set_client */;
/*!40101 SET character_set_client = utf8 */;
CREATE TABLE `squad_game_statistics_player_game_statistics` (
  `squad_game_statistics_id` bigint(20) NOT NULL,
  `player_game_statistics_id` bigint(20) NOT NULL,
  PRIMARY KEY (`squad_game_statistics_id`,`player_game_statistics_id`),
  UNIQUE KEY `UK_apvhq58f5wyr4bta63s2gmrkq` (`player_game_statistics_id`),
  CONSTRAINT `FKgd0fms5fh4ibn30l8m50n4f9y` FOREIGN KEY (`squad_game_statistics_id`) REFERENCES `squad_game_statistics` (`id`),
  CONSTRAINT `FKlpvwp2s3rfdt4mohic1hsth8q` FOREIGN KEY (`player_game_statistics_id`) REFERENCES `player_game_statistics` (`id`)
) ENGINE=InnoDB DEFAULT CHARSET=utf8;
/*!40101 SET character_set_client = @saved_cs_client */;

--
-- Dumping data for table `squad_game_statistics_player_game_statistics`
--

LOCK TABLES `squad_game_statistics_player_game_statistics` WRITE;
/*!40000 ALTER TABLE `squad_game_statistics_player_game_statistics` DISABLE KEYS */;
INSERT INTO `squad_game_statistics_player_game_statistics` VALUES (1,1),(1,2),(1,3),(2,4),(2,5),(2,6),(3,7),(3,8),(3,9),(4,10),(4,11),(4,12),(4,13),(5,14),(5,15),(5,16),(6,17),(6,18),(6,19),(7,20),(7,21),(7,22),(8,23),(8,24),(8,25),(9,26),(9,27),(9,28),(10,29),(10,30),(10,31),(11,32),(11,33),(11,34),(12,35),(12,36),(13,37),(13,38),(14,39),(14,40),(14,41),(15,42),(15,43),(15,44),(16,45),(16,46),(16,47),(17,48),(17,49),(17,50),(17,51),(17,52),(18,53),(18,54),(18,55),(18,56),(18,57),(19,58),(19,59),(19,60),(19,61),(19,62),(20,63),(20,64),(20,65),(20,66),(20,67),(21,68),(21,69),(22,70),(22,71),(23,72),(23,73),(23,74),(24,75),(24,76),(24,77),(25,78),(25,79),(25,80),(25,81),(26,82),(26,83),(26,84),(26,85),(26,86),(27,87),(27,88),(27,89),(27,90),(27,91),(28,92),(28,93),(28,94),(28,95),(28,96),(29,97),(29,98),(29,99),(29,100),(29,101),(30,102),(30,103),(30,104),(30,105),(30,106),(31,107),(31,108),(31,109),(31,110),(32,111),(32,112),(32,113),(32,114),(32,115),(33,116),(33,117),(33,118),(33,119),(33,120),(34,121),(34,122),(34,123),(34,124),(34,125),(35,126),(35,127),(35,128),(36,129),(37,130),(38,131),(38,132),(39,133),(39,134),(40,135),(40,136),(41,137),(41,138),(42,139),(42,140),(43,141),(43,142),(44,143),(44,144),(44,145),(44,146),(44,147),(45,148),(45,149),(45,150),(45,151),(45,152),(46,153),(46,154),(46,155),(46,156),(46,157),(47,158),(47,159),(47,160),(47,161),(47,162),(48,163),(48,164),(48,165),(48,166),(48,167),(49,168),(49,169),(49,170),(49,171),(49,172),(50,173),(50,174),(50,175),(50,176),(50,177),(51,178),(51,179),(51,180),(51,181),(51,182),(52,183),(52,184),(52,185),(52,186),(52,187),(53,188),(53,189),(53,190),(53,191),(53,192),(54,193),(54,194),(54,195),(54,196),(54,197),(55,198),(55,199),(55,200),(55,201),(55,202),(56,203),(56,204),(56,205),(56,206),(56,207),(57,208),(57,209),(57,210),(57,211),(57,212),(58,213),(58,214),(58,215),(58,216),(58,217),(59,218),(59,219),(59,220),(59,221),(59,222),(60,223),(60,224),(60,225),(60,226),(60,227),(61,228),(61,229),(61,230),(61,231),(61,232),(62,233),(62,234),(62,235),(62,236),(62,237),(63,238),(63,239),(63,240),(63,241),(63,242),(64,243),(64,244),(64,245),(64,246),(64,247),(65,248),(65,249),(65,250),(66,251),(66,252),(66,253),(67,254),(67,255),(67,256),(68,257),(68,258),(68,259),(69,260),(69,261),(69,262),(70,263),(70,264),(70,265),(71,266),(71,267),(71,268),(71,269),(72,270),(72,271),(72,272),(72,273),(73,274),(73,275),(73,276),(74,277),(74,278),(74,279),(74,280),(75,281),(75,282),(75,283),(75,284),(76,285),(76,286),(76,287),(76,288),(76,289),(77,290),(77,291),(77,292),(77,293),(78,294),(78,295),(78,296),(78,297),(79,298),(79,299),(79,300),(79,301),(80,302),(80,303),(80,304),(80,305),(81,306),(81,307),(81,308),(81,309),(82,310),(82,311),(82,312),(82,313),(83,314),(83,315),(83,316),(83,317),(84,318),(84,319),(84,320),(84,321),(85,322),(85,323),(85,324),(86,325),(86,326),(86,327),(87,328),(87,329),(87,330),(87,331),(88,332),(88,333),(88,334),(88,335),(88,336),(89,337),(89,338),(89,339),(89,340),(89,341),(90,342),(90,343),(90,344),(90,345),(90,346),(91,347),(91,348),(91,349),(91,350),(91,351),(92,352),(92,353),(92,354),(92,355),(93,356),(93,357),(93,358),(93,359),(94,360),(94,361),(95,362),(95,363),(96,364),(96,365),(97,366),(97,367),(98,368),(98,369),(99,370),(99,371),(100,372),(100,373),(101,374),(101,375),(102,376),(102,377),(102,378),(103,379),(103,380),(103,381),(103,382),(103,383),(104,384),(104,385),(104,386),(104,387),(104,388),(105,389),(105,390),(105,391),(106,392),(106,393),(106,394),(107,395),(107,396),(108,397),(108,398),(108,399),(109,400),(109,401),(109,402),(110,403),(110,404),(111,405),(111,406),(112,407),(112,408),(112,409),(112,410),(112,411),(113,412),(113,413),(113,414),(113,415),(113,416),(114,417),(114,418),(114,419),(114,420),(114,421),(115,422),(115,423),(115,424),(115,425),(115,426),(116,427),(116,428),(116,429),(116,430),(116,431),(117,432),(117,433),(117,434),(117,435),(117,436),(118,437),(118,438),(118,439),(119,440),(119,441),(119,442),(120,443),(120,444),(120,445),(121,446),(121,447),(121,448),(121,449),(122,450),(122,451),(122,452),(122,453),(123,454),(123,455),(123,456),(123,457),(124,458),(124,459),(124,460),(124,461),(125,462),(125,463),(125,464),(125,465),(126,466),(126,467),(126,468),(127,469),(127,470),(127,471),(127,472),(128,473),(128,474),(128,475),(128,476),(128,477),(129,478),(129,479),(129,480),(129,481),(129,482),(130,483),(130,484),(130,485),(130,486),(130,487),(131,488),(131,489),(131,490),(131,491),(132,492),(132,493),(132,494),(132,495),(132,496),(133,497),(133,498),(133,499),(133,500),(133,501),(134,502),(134,503),(134,504),(134,505),(134,506),(135,507),(135,508),(135,509),(135,510),(135,511),(136,512),(136,513),(136,514),(136,515),(136,516),(137,517),(137,518),(137,519),(137,520),(138,521),(138,522),(138,523),(138,524),(139,525),(139,526),(139,527),(139,528),(140,529),(140,530),(140,531),(140,532),(141,533),(141,534),(141,535),(141,536),(141,537),(142,538),(142,539),(142,540),(142,541),(142,542),(143,543),(143,544),(143,545),(143,546),(143,547),(144,548),(144,549),(144,550),(144,551),(144,552),(145,553),(145,554),(145,555),(145,556),(145,557),(146,558),(146,559),(146,560),(146,561),(146,562),(147,563),(147,564),(147,565),(147,566),(147,567),(148,568),(148,569),(148,570),(148,571),(148,572),(149,573),(149,574),(149,575),(149,576),(150,577),(150,578),(150,579),(150,580),(150,581),(151,582),(151,583),(151,584),(151,585),(151,586),(152,587),(152,588),(152,589),(152,590),(152,591),(153,592),(153,593),(153,594),(153,595),(154,596),(154,597),(154,598),(154,599),(155,600),(155,601),(155,602),(155,603),(155,604),(156,605),(156,606),(156,607),(156,608),(156,609),(157,610),(157,611),(157,612),(157,613),(158,614),(158,615),(158,616),(158,617),(159,618),(159,619),(159,620),(159,621),(160,622),(160,623),(160,624),(160,625),(161,626),(161,627),(161,628),(161,629),(162,630),(162,631),(162,632),(162,633),(162,634),(163,635),(163,636),(163,637),(163,638),(163,639),(164,640),(164,641),(164,642),(164,643),(164,644),(165,645),(165,646),(165,647),(165,648),(165,649),(166,650),(166,651),(166,652),(166,653),(166,654),(167,655),(167,656),(167,657),(167,658),(167,659),(168,660),(168,661),(168,662),(168,663),(168,664),(169,665),(169,666),(169,667),(169,668),(169,669),(170,670),(170,671),(170,672),(170,673),(170,674),(171,675),(171,676),(171,677),(171,678),(171,679),(172,680),(172,681),(172,682),(172,683),(172,684),(173,685),(173,686),(173,687),(173,688),(173,689),(174,690),(174,691),(174,692),(174,693),(174,694),(175,695),(175,696),(175,697),(175,698),(176,699),(176,700),(176,701),(176,702),(176,703),(177,704),(177,705),(177,706),(177,707),(177,708),(178,709),(178,710),(178,711),(178,712),(178,713),(179,714),(179,715),(179,716),(179,717),(180,718),(180,719),(180,720),(180,721),(181,722),(181,723),(182,724),(182,725),(183,726),(183,727),(184,728),(184,729),(185,730),(185,731),(185,732),(185,733),(186,734),(186,735),(186,736),(186,737),(187,738),(187,739),(187,740),(188,741),(188,742),(188,743),(189,744),(189,745),(189,746),(190,747),(190,748),(191,749),(191,750),(192,751),(192,752),(193,753),(193,754),(194,755),(194,756),(195,757),(195,758),(195,759),(195,760),(196,761),(196,762),(196,763),(196,764),(197,765),(197,766),(197,767),(197,768),(198,769),(198,770),(198,771),(199,772),(199,773),(199,774),(200,775),(200,776),(201,777),(201,778),(201,779),(202,780),(202,781),(202,782),(203,783),(203,784),(203,785),(204,786),(204,787),(204,788),(204,789),(204,790),(205,791),(205,792),(205,793),(205,794),(205,795),(206,796),(206,797),(206,798),(206,799),(206,800),(207,801),(207,802),(207,803),(207,804),(207,805),(208,806),(208,807),(208,808),(208,809),(208,810),(209,811),(209,812),(209,813),(209,814),(209,815),(210,816),(210,817),(210,818),(210,819),(210,820),(211,821),(211,822),(211,823),(211,824),(211,825),(212,826),(212,827),(212,828),(212,829),(212,830),(213,831),(213,832),(213,833),(213,834),(213,835),(214,836),(214,837),(214,838),(214,839),(214,840),(215,841),(215,842),(215,843),(215,844),(215,845),(216,846),(216,847),(216,848),(216,849),(216,850),(217,851),(217,852),(217,853),(217,854),(217,855),(218,856),(218,857),(218,858),(218,859),(218,860),(219,861),(219,862),(219,863),(219,864),(219,865),(220,866),(220,867),(220,868),(220,869),(220,870),(221,871),(221,872),(221,873),(221,874),(221,875),(222,876),(222,877),(222,878),(222,879),(222,880),(223,881),(223,882),(223,883),(223,884),(223,885),(224,886),(224,887),(224,888),(225,889),(225,890),(225,891),(226,892),(226,893),(227,894),(227,895),(228,896),(228,897),(229,898),(229,899),(229,900),(230,901),(230,902),(230,903),(230,904),(231,905),(231,906),(231,907),(232,908),(232,909),(232,910),(232,911),(233,912),(233,913),(233,914),(233,915),(234,916),(234,917),(234,918),(234,919),(235,920),(235,921),(235,922),(236,923),(236,924),(236,925),(237,926),(237,927),(237,928),(237,929),(237,930),(238,931),(238,932),(238,933),(238,934),(238,935),(239,936),(239,937),(239,938),(239,939),(239,940),(240,941),(240,942),(240,943),(240,944),(240,945),(241,946),(241,947),(241,948),(241,949),(241,950),(242,951),(242,952),(242,953),(242,954),(242,955),(243,956),(243,957),(243,958),(244,959),(244,960),(244,961),(245,962),(245,963),(245,964),(246,965),(246,966),(246,967),(247,968),(247,969),(248,970),(248,971),(249,972),(249,973),(249,974),(250,975),(250,976),(250,977),(251,978),(251,979),(251,980),(251,981),(251,982),(252,983),(252,984),(252,985),(252,986),(252,987),(253,988),(253,989),(253,990),(253,991),(253,992),(254,993),(254,994),(254,995),(254,996),(255,997),(255,998),(255,999),(255,1000),(256,1001),(256,1002),(256,1003),(256,1004),(257,1005),(257,1006),(257,1007),(257,1008),(258,1009),(258,1010),(258,1011),(258,1012),(259,1013),(259,1014),(260,1015),(260,1016),(260,1017),(260,1018),(260,1019),(261,1020),(261,1021),(261,1022),(262,1023),(262,1024),(262,1025),(262,1026),(263,1027),(263,1028),(263,1029),(263,1030),(264,1031),(264,1032),(264,1033),(264,1034),(265,1035),(265,1036),(265,1037),(266,1038),(266,1039),(266,1040),(267,1041),(267,1042),(267,1043),(268,1044),(268,1045),(268,1046),(269,1047),(269,1048),(269,1049),(270,1050),(270,1051),(270,1052),(270,1053),(270,1054),(271,1055),(271,1056),(271,1057),(271,1058),(271,1059),(272,1060),(272,1061),(272,1062),(272,1063),(272,1064),(273,1065),(273,1066),(273,1067),(274,1068),(274,1069),(275,1070),(275,1071),(276,1072),(276,1073),(276,1074),(277,1075),(277,1076),(277,1077),(278,1078),(278,1079),(278,1080),(279,1081),(279,1082),(279,1083),(280,1084),(280,1085),(280,1086),(281,1087),(281,1088),(281,1089),(281,1090),(282,1091),(282,1092),(282,1093),(282,1094),(283,1095),(283,1096),(283,1097),(283,1098),(284,1099),(284,1100),(284,1101),(284,1102),(285,1103),(285,1104),(285,1105),(285,1106),(286,1107),(286,1108),(286,1109),(286,1110);
/*!40000 ALTER TABLE `squad_game_statistics_player_game_statistics` ENABLE KEYS */;
UNLOCK TABLES;

--
-- Table structure for table `squad_players`
--

DROP TABLE IF EXISTS `squad_players`;
/*!40101 SET @saved_cs_client     = @@character_set_client */;
/*!40101 SET character_set_client = utf8 */;
CREATE TABLE `squad_players` (
  `squad_id` bigint(20) NOT NULL,
  `players_id` bigint(20) NOT NULL,
  PRIMARY KEY (`squad_id`,`players_id`),
  UNIQUE KEY `UK_prgq5s8rwmvd73sx0b4ocyix5` (`players_id`),
  CONSTRAINT `FK1y43d1pgos0t2mf0hphlo1404` FOREIGN KEY (`squad_id`) REFERENCES `squad` (`id`),
  CONSTRAINT `FKjs39j5e417xkedrybuv2d9fd4` FOREIGN KEY (`players_id`) REFERENCES `player` (`id`)
) ENGINE=InnoDB DEFAULT CHARSET=utf8;
/*!40101 SET character_set_client = @saved_cs_client */;

--
-- Dumping data for table `squad_players`
--

LOCK TABLES `squad_players` WRITE;
/*!40000 ALTER TABLE `squad_players` DISABLE KEYS */;
INSERT INTO `squad_players` VALUES (1,1),(1,2),(1,3),(1,4),(1,5);
/*!40000 ALTER TABLE `squad_players` ENABLE KEYS */;
UNLOCK TABLES;

--
-- Table structure for table `squad_season_statistics`
--

DROP TABLE IF EXISTS `squad_season_statistics`;
/*!40101 SET @saved_cs_client     = @@character_set_client */;
/*!40101 SET character_set_client = utf8 */;
CREATE TABLE `squad_season_statistics` (
  `id` bigint(20) NOT NULL AUTO_INCREMENT,
  `losses` int(11) DEFAULT NULL,
  `wins` int(11) DEFAULT NULL,
  `season_id` bigint(20) DEFAULT NULL,
  `rounds_won` int(11) DEFAULT NULL,
  `rounds_lost` int(11) DEFAULT NULL,
  PRIMARY KEY (`id`),
  KEY `FKosoqrnapxt3ewj2sdpwus74lw` (`season_id`),
  CONSTRAINT `FKosoqrnapxt3ewj2sdpwus74lw` FOREIGN KEY (`season_id`) REFERENCES `season` (`id`)
) ENGINE=InnoDB AUTO_INCREMENT=3 DEFAULT CHARSET=utf8;
/*!40101 SET character_set_client = @saved_cs_client */;

--
-- Dumping data for table `squad_season_statistics`
--

LOCK TABLES `squad_season_statistics` WRITE;
/*!40000 ALTER TABLE `squad_season_statistics` DISABLE KEYS */;
INSERT INTO `squad_season_statistics` VALUES (1,115,134,17,655,596),(2,40,43,21,279,266);
/*!40000 ALTER TABLE `squad_season_statistics` ENABLE KEYS */;
UNLOCK TABLES;

--
-- Table structure for table `squad_squad_seasons`
--

DROP TABLE IF EXISTS `squad_squad_seasons`;
/*!40101 SET @saved_cs_client     = @@character_set_client */;
/*!40101 SET character_set_client = utf8 */;
CREATE TABLE `squad_squad_seasons` (
  `squad_id` bigint(20) NOT NULL,
  `squad_seasons_id` bigint(20) NOT NULL,
  PRIMARY KEY (`squad_id`,`squad_seasons_id`),
  UNIQUE KEY `UK_40a46tcwbf7p3b8mml07kwv1y` (`squad_seasons_id`),
  CONSTRAINT `FK8ke1htngbv5ubci3evukmqly2` FOREIGN KEY (`squad_id`) REFERENCES `squad` (`id`),
  CONSTRAINT `FKjykfgl8vcpmdb58hmlnbp7htx` FOREIGN KEY (`squad_seasons_id`) REFERENCES `squad_season_statistics` (`id`)
) ENGINE=InnoDB DEFAULT CHARSET=utf8;
/*!40101 SET character_set_client = @saved_cs_client */;

--
-- Dumping data for table `squad_squad_seasons`
--

LOCK TABLES `squad_squad_seasons` WRITE;
/*!40000 ALTER TABLE `squad_squad_seasons` DISABLE KEYS */;
INSERT INTO `squad_squad_seasons` VALUES (1,1),(1,2);
/*!40000 ALTER TABLE `squad_squad_seasons` ENABLE KEYS */;
UNLOCK TABLES;

--
-- Dumping events for database 'overwatch-api'
--

--
-- Dumping routines for database 'overwatch-api'
--
/*!40103 SET TIME_ZONE=@OLD_TIME_ZONE */;

/*!40101 SET SQL_MODE=@OLD_SQL_MODE */;
/*!40014 SET FOREIGN_KEY_CHECKS=@OLD_FOREIGN_KEY_CHECKS */;
/*!40014 SET UNIQUE_CHECKS=@OLD_UNIQUE_CHECKS */;
/*!40101 SET CHARACTER_SET_CLIENT=@OLD_CHARACTER_SET_CLIENT */;
/*!40101 SET CHARACTER_SET_RESULTS=@OLD_CHARACTER_SET_RESULTS */;
/*!40101 SET COLLATION_CONNECTION=@OLD_COLLATION_CONNECTION */;
/*!40111 SET SQL_NOTES=@OLD_SQL_NOTES */;

-- Dump completed on 2020-08-31 13:43:57
